0, 100080, 100000, 350017, 350000, 550539, 550000, 1600000, 1600000
1, 100080, 100000, 350017, 349301, 550539, 548877, 1600000, 1599044
2, 100080, 100000, 350017, 349301, 550539, 548877, 1600000, 1599044
3, 100080, 100000, 350017, 349301, 550539, 548877, 1600000, 1599044
4, 100080, 100000, 350017, 349301, 550539, 548877, 1600000, 1599044
5, 100080, 100000, 350017, 349301, 550539, 548877, 1600000, 1599044
6, 100080, 100000, 350017, 349301, 550539, 548877, 1600000, 1599044
7, 100080, 100000, 350017, 349301, 550539, 548877, 1600000, 1599044
8, 100080, 100000, 350017, 349301, 550539, 548877, 1600000, 1599044
9, 100080, 100000, 350017, 349301, 550539, 548877, 1600000, 1599044
10, 100080, 100000, 350017, 349301, 550539, 548877, 1600000, 1599044
11, 100080, 100000, 350017, 349301, 550539, 548877, 1600000, 1599044
12, 100080, 100000, 350017, 349301, 550539, 548877, 1600000, 1599044
13, 100080, 100000, 350017, 349301, 550539, 548877, 1600000, 1599044
14, 100080, 100000, 350017, 349301, 550539, 548877, 1600000, 1599044
15, 100080, 100000, 350017, 349301, 550539, 548877, 1600000, 1599044
16, 100080, 100000, 350017, 349301, 550539, 548877, 1600000, 1599044
17, 100080, 100000, 350017, 349301, 550539, 548877, 1600000, 1599044
18, 100080, 100000, 350017, 349301, 550539, 548877, 1600000, 1599044
19, 100080, 100000, 350017, 349301, 550539, 548877, 1600000, 1599044
20, 100080, 100000, 350017, 349301, 550539, 548877, 1600000, 1599044
21, 100080, 100000, 350017, 349301, 550539, 548877, 1600000, 1599044
22, 100080, 100000, 350017, 349301, 550539, 548877, 1600000, 1599044
23, 100080, 100000, 350017, 349301, 550539, 548877, 1600000, 1599044
24, 100080, 100000, 350017, 349301, 550539, 548877, 1600000, 1599044
25, 100080, 100000, 350017, 349301, 550539, 548877, 1600000, 1599044
26, 100080, 100000, 350017, 349301, 550539, 548877, 1600000, 1599044
27, 100080, 100000, 350017, 349301, 550539, 548877, 1600000, 1599044
28, 100080, 100000, 350017, 349301, 550539, 548877, 1600000, 1599044
29, 100080, 100000, 350017, 349301, 550539, 548877, 1600000, 1599044
30, 100080, 100000, 350017, 349301, 550539, 548877, 1600000, 1599044
31, 100080, 100000, 350017, 349301, 550539, 548877, 1600000, 1599044
32, 100080, 100000, 350017, 349301, 550539, 548877, 1600000, 1599044
33, 100080, 100000, 350017, 349301, 550539, 548877, 1600000, 1599044
34, 100080, 100000, 350017, 349301, 550539, 548877, 1600000, 1599044
35, 100080, 100000, 350017, 349301, 550539, 548877, 1600000, 1599044
36, 100080, 100000, 350017, 349301, 550539, 548877, 1600000, 1599044
37, 100080, 100000, 350017, 349301, 550539, 548877, 1600000, 1599044
38, 100080, 100000, 350017, 349301, 550539, 548877, 1600000, 1599044
39, 100080, 100000, 350017, 349301, 550539, 548877, 1600000, 1599044
40, 100080, 100000, 350017, 349301, 550539, 548877, 1600000, 1599044
41, 100080, 100000, 350017, 349301, 550539, 548877, 1600000, 1599044
42, 100080, 100000, 350017, 349301, 550539, 548877, 1600000, 1599044
43, 100080, 100000, 350017, 349301, 550539, 548877, 1600000, 1599044
44, 100080, 100000, 350017, 349301, 550539, 548877, 1600000, 1599044
45, 100080, 100000, 350017, 349301, 550539, 548877, 1600000, 1599044
46, 100080, 100000, 350017, 349301, 550539, 548877, 1600000, 1599044
47, 100080, 100000, 350017, 349301, 550539, 548877, 1600000, 1599044
48, 100080, 100000, 350017, 349301, 550539, 548877, 1600000, 1599044
49, 100080, 100000, 350017, 349300, 550539, 548877, 1600000, 1599041
50, 100080, 100000, 350017, 349300, 550539, 548877, 1600000, 1599039
51, 100080, 100000, 350017, 349299, 550539, 548877, 1600000, 1599036
52, 100080, 100000, 350017, 349299, 550539, 548877, 1600000, 1599032
53, 100080, 100000, 350017, 349299, 550539, 548877, 1600000, 1599029
54, 100080, 100000, 350017, 349299, 550539, 548877, 1600000, 1599017
55, 100080, 100000, 350017, 349299, 550539, 548877, 1600000, 1599005
56, 100080, 100000, 350017, 349299, 550539, 548877, 1600000, 1598992
57, 100080, 100000, 350017, 349298, 550539, 548877, 1600000, 1598974
58, 100080, 100000, 350017, 349297, 550539, 548877, 1600000, 1598944
59, 100080, 100000, 350017, 349296, 550539, 548877, 1600000, 1598924
60, 100080, 100000, 350017, 349293, 550539, 548876, 1600000, 1598874
61, 100080, 100000, 350017, 349290, 550539, 548876, 1600000, 1598821
62, 100080, 100000, 350017, 349290, 550539, 548876, 1600000, 1598750
63, 100080, 100000, 350017, 349287, 550539, 548876, 1600000, 1598686
64, 100080, 100000, 350017, 349286, 550539, 548876, 1600000, 1598600
65, 100080, 100000, 350017, 349280, 550539, 548874, 1600000, 1598488
66, 100080, 100000, 350017, 349274, 550539, 548873, 1600000, 1598369
67, 100080, 100000, 350017, 349267, 550539, 548872, 1600000, 1598244
68, 100080, 100000, 350017, 349264, 550539, 548872, 1600000, 1598106
69, 100080, 100000, 350017, 349255, 550539, 548872, 1600000, 1597948
70, 100080, 100000, 350017, 349244, 550539, 548872, 1600000, 1597800
71, 100080, 100000, 350017, 349234, 550539, 548872, 1600000, 1597619
72, 100080, 100000, 350017, 349225, 550539, 548871, 1600000, 1597428
73, 100080, 100000, 350017, 349212, 550539, 548871, 1600000, 1597207
74, 100080, 100000, 350017, 349194, 550539, 548870, 1600000, 1596934
75, 100080, 100000, 350017, 349181, 550539, 548868, 1600000, 1596690
76, 100080, 100000, 350017, 349166, 550539, 548868, 1600000, 1596383
77, 100080, 100000, 350017, 349158, 550539, 548868, 1600000, 1596070
78, 100080, 100000, 350017, 349139, 550539, 548868, 1600000, 1595759
79, 100080, 100000, 350017, 349112, 550539, 548867, 1600000, 1595397
80, 100080, 100000, 350017, 349095, 550539, 548866, 1600000, 1595006
81, 100080, 100000, 350017, 349074, 550539, 548864, 1600000, 1594610
82, 100080, 100000, 350017, 349052, 550539, 548863, 1600000, 1594214
83, 100080, 100000, 350017, 349023, 550539, 548862, 1600000, 1593777
84, 100080, 100000, 350017, 348994, 550539, 548859, 1600000, 1593300
85, 100080, 100000, 350017, 348963, 550539, 548857, 1600000, 1592813
86, 100080, 100000, 350017, 348929, 550539, 548855, 1600000, 1592345
87, 100080, 100000, 350017, 348899, 550539, 548854, 1600000, 1591859
88, 100080, 100000, 350017, 348875, 550539, 548854, 1600000, 1591300
89, 100080, 100000, 350017, 348846, 550539, 548852, 1600000, 1590765
90, 100080, 100000, 350017, 348803, 550539, 548851, 1600000, 1590178
91, 100080, 100000, 350017, 348764, 550539, 548849, 1600000, 1589580
92, 100080, 100000, 350017, 348718, 550539, 548843, 1600000, 1588976
93, 100080, 99999, 350017, 348680, 550539, 548840, 1600000, 1588399
94, 100080, 99998, 350017, 348639, 550539, 548840, 1600000, 1587758
95, 100080, 99997, 350017, 348608, 550539, 548836, 1600000, 1587153
96, 100080, 99997, 350017, 348563, 550539, 548834, 1600000, 1586488
97, 100080, 99997, 350017, 348522, 550539, 548833, 1600000, 1585770
98, 100080, 99996, 350017, 348471, 550539, 548828, 1600000, 1585093
99, 100080, 99996, 350017, 348415, 550539, 548821, 1600000, 1584364
100, 100080, 99996, 350017, 348374, 550539, 548819, 1600000, 1583628
101, 100080, 99995, 350017, 348322, 550539, 548815, 1600000, 1582858
102, 100080, 99995, 350017, 348279, 550539, 548813, 1600000, 1582071
103, 100080, 99992, 350017, 348224, 550539, 548812, 1600000, 1581297
104, 100080, 99992, 350017, 348164, 550539, 548803, 1600000, 1580492
105, 100080, 99992, 350017, 348118, 550539, 548798, 1600000, 1579698
106, 100080, 99990, 350017, 348062, 550539, 548797, 1600000, 1578855
107, 100080, 99988, 350017, 348008, 550539, 548795, 1600000, 1578034
108, 100080, 99987, 350017, 347934, 550539, 548789, 1600000, 1577132
109, 100080, 99985, 350017, 347893, 550539, 548786, 1600000, 1576295
110, 100080, 99983, 350017, 347852, 550539, 548783, 1600000, 1575424
111, 100080, 99982, 350017, 347764, 550539, 548779, 1600000, 1574479
112, 100080, 99981, 350017, 347704, 550539, 548773, 1600000, 1573525
113, 100080, 99979, 350017, 347638, 550539, 548770, 1600000, 1572535
114, 100080, 99978, 350017, 347583, 550539, 548765, 1600000, 1571576
115, 100080, 99977, 350017, 347514, 550539, 548759, 1600000, 1570586
116, 100080, 99975, 350017, 347443, 550539, 548753, 1600000, 1569595
117, 100080, 99973, 350017, 347370, 550539, 548747, 1600000, 1568619
118, 100080, 99971, 350017, 347313, 550539, 548745, 1600000, 1567641
119, 100080, 99970, 350017, 347253, 550539, 548742, 1600000, 1566610
120, 100080, 99966, 350017, 347181, 550539, 548739, 1600000, 1565571
121, 100080, 99965, 350017, 347108, 550539, 548734, 1600000, 1564522
122, 100080, 99963, 350017, 347028, 550539, 548732, 1600000, 1563381
123, 100080, 99958, 350017, 346953, 550539, 548728, 1600000, 1562298
124, 100080, 99953, 350017, 346875, 550539, 548722, 1600000, 1561185
125, 100080, 99950, 350017, 346787, 550539, 548716, 1600000, 1560066
126, 100080, 99943, 350017, 346703, 550539, 548712, 1600000, 1558943
127, 100080, 99940, 350017, 346637, 550539, 548707, 1600000, 1557867
128, 100080, 99936, 350017, 346555, 550539, 548698, 1600000, 1556703
129, 100080, 99930, 350017, 346473, 550539, 548690, 1600000, 1555478
130, 100080, 99924, 350017, 346393, 550539, 548683, 1600000, 1554218
131, 100080, 99920, 350017, 346309, 550539, 548677, 1600000, 1553078
132, 100080, 99915, 350017, 346225, 550539, 548671, 1600000, 1551862
133, 100080, 99904, 350017, 346140, 550539, 548664, 1600000, 1550625
134, 100080, 99901, 350017, 346050, 550539, 548660, 1600000, 1549406
135, 100080, 99894, 350017, 345978, 550539, 548657, 1600000, 1548117
136, 100080, 99890, 350017, 345871, 550539, 548647, 1600000, 1546846
137, 100080, 99885, 350017, 345786, 550539, 548640, 1600000, 1545606
138, 100080, 99881, 350017, 345686, 550539, 548632, 1600000, 1544325
139, 100080, 99875, 350017, 345581, 550539, 548622, 1600000, 1543059
140, 100080, 99868, 350017, 345468, 550539, 548608, 1600000, 1541692
141, 100080, 99861, 350017, 345360, 550539, 548602, 1600000, 1540393
142, 100080, 99851, 350017, 345254, 550539, 548591, 1600000, 1539078
143, 100080, 99841, 350017, 345153, 550539, 548583, 1600000, 1537736
144, 100080, 99832, 350017, 345049, 550539, 548576, 1600000, 1536347
145, 100080, 99819, 350017, 344950, 550539, 548568, 1600000, 1534909
146, 100080, 99806, 350017, 344823, 550539, 548559, 1600000, 1533502
147, 100080, 99795, 350017, 344723, 550539, 548545, 1600000, 1532091
148, 100080, 99784, 350017, 344611, 550539, 548534, 1600000, 1530662
149, 100080, 99779, 350017, 344517, 550539, 548528, 1600000, 1529282
150, 100080, 99767, 350017, 344413, 550539, 548520, 1600000, 1527916
151, 100080, 99757, 350017, 344315, 550539, 548517, 1600000, 1526518
152, 100080, 99744, 350017, 344198, 550539, 548510, 1600000, 1525040
153, 100080, 99730, 350017, 344071, 550539, 548497, 1600000, 1523579
154, 100080, 99718, 350017, 343948, 550539, 548489, 1600000, 1522053
155, 100080, 99705, 350017, 343839, 550539, 548474, 1600000, 1520537
156, 100080, 99692, 350017, 343700, 550539, 548462, 1600000, 1518961
157, 100080, 99683, 350017, 343564, 550539, 548453, 1600000, 1517391
158, 100080, 99671, 350017, 343431, 550539, 548445, 1600000, 1515796
159, 100080, 99655, 350017, 343310, 550539, 548433, 1600000, 1514245
160, 100080, 99637, 350017, 343186, 550539, 548419, 1600000, 1512651
161, 100080, 99621, 350017, 343036, 550539, 548399, 1600000, 1511088
162, 100080, 99605, 350017, 342891, 550539, 548379, 1600000, 1509435
163, 100080, 99596, 350017, 342745, 550539, 548366, 1600000, 1507828
164, 100080, 99578, 350017, 342603, 550539, 548357, 1600000, 1506130
165, 100080, 99566, 350017, 342461, 550539, 548343, 1600000, 1504463
166, 100080, 99558, 350017, 342307, 550539, 548330, 1600000, 1502776
167, 100080, 99549, 350017, 342118, 550539, 548308, 1600000, 1501010
168, 100080, 99542, 350017, 341968, 550539, 548292, 1600000, 1499294
169, 100080, 99520, 350017, 341786, 550539, 548268, 1600000, 1497458
170, 100080, 99510, 350017, 341629, 550539, 548258, 1600000, 1495748
171, 100080, 99500, 350017, 341440, 550539, 548230, 1600000, 1493980
172, 100080, 99485, 350017, 341275, 550539, 548213, 1600000, 1492164
173, 100080, 99467, 350017, 341103, 550539, 548191, 1600000, 1490272
174, 100080, 99447, 350017, 340938, 550539, 548171, 1600000, 1488423
175, 100080, 99439, 350017, 340755, 550539, 548154, 1600000, 1486570
176, 100080, 99425, 350017, 340554, 550539, 548128, 1600000, 1484558
177, 100080, 99405, 350017, 340345, 550539, 548100, 1600000, 1482605
178, 100080, 99386, 350017, 340182, 550539, 548089, 1600000, 1480683
179, 100080, 99370, 350017, 339981, 550539, 548069, 1600000, 1478772
180, 100080, 99355, 350017, 339809, 550539, 548045, 1600000, 1476863
181, 100080, 99335, 350017, 339609, 550539, 548030, 1600000, 1474844
182, 100080, 99317, 350017, 339393, 550539, 548007, 1600000, 1472774
183, 100080, 99297, 350017, 339186, 550539, 547977, 1600000, 1470831
184, 100080, 99284, 350017, 338991, 550539, 547951, 1600000, 1468783
185, 100080, 99265, 350017, 338784, 550539, 547916, 1600000, 1466701
186, 100080, 99243, 350017, 338578, 550539, 547889, 1600000, 1464592
187, 100080, 99227, 350017, 338364, 550539, 547862, 1600000, 1462518
188, 100080, 99203, 350017, 338164, 550539, 547835, 1600000, 1460427
189, 100080, 99188, 350017, 337930, 550539, 547811, 1600000, 1458231
190, 100080, 99162, 350017, 337718, 550539, 547779, 1600000, 1456073
191, 100080, 99137, 350017, 337518, 550539, 547751, 1600000, 1453979
192, 100080, 99121, 350017, 337291, 550539, 547700, 1600000, 1451814
193, 100080, 99104, 350017, 337061, 550539, 547656, 1600000, 1449595
194, 100080, 99084, 350017, 336823, 550539, 547619, 1600000, 1447348
195, 100080, 99068, 350017, 336601, 550539, 547587, 1600000, 1445081
196, 100080, 99046, 350017, 336334, 550539, 547548, 1600000, 1442764
197, 100080, 99030, 350017, 336105, 550539, 547506, 1600000, 1440507
198, 100080, 99002, 350017, 335870, 550539, 547466, 1600000, 1438158
199, 100080, 98972, 350017, 335601, 550539, 547417, 1600000, 1435837
200, 100080, 98958, 350017, 335352, 550539, 547368, 1600000, 1433578
201, 100080, 98932, 350017, 335096, 550539, 547337, 1600000, 1431255
202, 100080, 98916, 350017, 334841, 550539, 547282, 1600000, 1428927
203, 100080, 98888, 350017, 334553, 550539, 547237, 1600000, 1426519
204, 100080, 98863, 350017, 334239, 550539, 547169, 1600000, 1424030
205, 100080, 98837, 350017, 333926, 550539, 547119, 1600000, 1421624
206, 100080, 98804, 350017, 333642, 550539, 547064, 1600000, 1419211
207, 100080, 98789, 350017, 333360, 550539, 547015, 1600000, 1416769
208, 100080, 98766, 350017, 333065, 550539, 546956, 1600000, 1414265
209, 100080, 98744, 350017, 332777, 550539, 546901, 1600000, 1411787
210, 100080, 98715, 350017, 332502, 550539, 546852, 1600000, 1409302
211, 100080, 98689, 350017, 332188, 550539, 546797, 1600000, 1406794
212, 100080, 98662, 350017, 331897, 550539, 546751, 1600000, 1404284
213, 100080, 98632, 350017, 331577, 550539, 546698, 1600000, 1401687
214, 100080, 98608, 350017, 331288, 550539, 546655, 1600000, 1399167
215, 100080, 98584, 350017, 330974, 550539, 546575, 1600000, 1396445
216, 100080, 98556, 350017, 330668, 550539, 546500, 1600000, 1393822
217, 100080, 98513, 350017, 330341, 550539, 546431, 1600000, 1391155
218, 100080, 98481, 350017, 329994, 550539, 546338, 1600000, 1388475
219, 100080, 98455, 350017, 329658, 550539, 546262, 1600000, 1385801
220, 100080, 98426, 350017, 329323, 550539, 546190, 1600000, 1383046
221, 100080, 98394, 350017, 328984, 550539, 546118, 1600000, 1380377
222, 100080, 98376, 350017, 328646, 550539, 546038, 1600000, 1377652
223, 100080, 98333, 350017, 328299, 550539, 545962, 1600000, 1374824
224, 100080, 98300, 350017, 327953, 550539, 545873, 1600000, 1372106
225, 100080, 98268, 350017, 327566, 550539, 545766, 1600000, 1369216
226, 100080, 98238, 350017, 327202, 550539, 545667, 1600000, 1366317
227, 100080, 98194, 350017, 326761, 550539, 545558, 1600000, 1363393
228, 100080, 98151, 350017, 326400, 550539, 545471, 1600000, 1360623
229, 100080, 98111, 350017, 326012, 550539, 545364, 1600000, 1357680
230, 100080, 98089, 350017, 325631, 550539, 545260, 1600000, 1354862
231, 100080, 98054, 350017, 325227, 550539, 545131, 1600000, 1351913
232, 100080, 98019, 350017, 324838, 550539, 545018, 1600000, 1349046
233, 100080, 97985, 350017, 324472, 550539, 544923, 1600000, 1346197
234, 100080, 97951, 350017, 324064, 550539, 544804, 1600000, 1343266
235, 100080, 97918, 350017, 323646, 550539, 544667, 1600000, 1340283
236, 100080, 97873, 350017, 323202, 550539, 544525, 1600000, 1337229
237, 100080, 97833, 350017, 322768, 550539, 544406, 1600000, 1334309
238, 100080, 97791, 350017, 322356, 550539, 544258, 1600000, 1331248
239, 100080, 97756, 350017, 321910, 550539, 544118, 1600000, 1328161
240, 100080, 97715, 350017, 321483, 550539, 543993, 1600000, 1325091
241, 100080, 97679, 350017, 321034, 550539, 543865, 1600000, 1322072
242, 100080, 97643, 350017, 320614, 550539, 543730, 1600000, 1319028
243, 100080, 97593, 350017, 320158, 550539, 543601, 1600000, 1316003
244, 100080, 97551, 350017, 319669, 550539, 543438, 1600000, 1312841
245, 100080, 97518, 350017, 319217, 550539, 543264, 1600000, 1309686
246, 100080, 97475, 350017, 318762, 550539, 543117, 1600000, 1306650
247, 100080, 97429, 350017, 318250, 550539, 542939, 1600000, 1303329
248, 100080, 97391, 350017, 317804, 550539, 542782, 1600000, 1300152
249, 100080, 97346, 350017, 317312, 550539, 542609, 1600000, 1296971
250, 100080, 97292, 350017, 316849, 550539, 542447, 1600000, 1293772
251, 100080, 97256, 350017, 316334, 550539, 542260, 1600000, 1290617
252, 100080, 97205, 350017, 315876, 550539, 542089, 1600000, 1287518
253, 100080, 97161, 350017, 315330, 550539, 541874, 1600000, 1284291
254, 100080, 97104, 350017, 314801, 550539, 541649, 1600000, 1280957
255, 100080, 97059, 350017, 314298, 550539, 541483, 1600000, 1277754
256, 100080, 97018, 350017, 313796, 550539, 541269, 1600000, 1274495
257, 100080, 96974, 350017, 313302, 550539, 541084, 1600000, 1271176
258, 100080, 96936, 350017, 312766, 550539, 540839, 1600000, 1267831
259, 100080, 96897, 350017, 312261, 550539, 540627, 1600000, 1264499
260, 100080, 96854, 350017, 311754, 550539, 540408, 1600000, 1261331
261, 100080, 96804, 350017, 311195, 550539, 540186, 1600000, 1258034
262, 100080, 96758, 350017, 310653, 550539, 539942, 1600000, 1254645
263, 100080, 96716, 350017, 310106, 550539, 539714, 1600000, 1251251
264, 100080, 96674, 350017, 309540, 550539, 539456, 1600000, 1247813
265, 100080, 96626, 350017, 309030, 550539, 539261, 1600000, 1244514
266, 100080, 96583, 350017, 308471, 550539, 539013, 1600000, 1241089
267, 100080, 96528, 350017, 307888, 550539, 538749, 1600000, 1237804
268, 100080, 96462, 350017, 307341, 550539, 538460, 1600000, 1234324
269, 100080, 96403, 350017, 306778, 550539, 538237, 1600000, 1230861
270, 100080, 96347, 350017, 306231, 550539, 537973, 1600000, 1227522
271, 100080, 96295, 350017, 305580, 550539, 537659, 1600000, 1224009
272, 100080, 96236, 350017, 304990, 550539, 537374, 1600000, 1220537
273, 100080, 96199, 350017, 304481, 550539, 537146, 1600000, 1217204
274, 100080, 96147, 350017, 303897, 550539, 536856, 1600000, 1213740
275, 100080, 96076, 350017, 303312, 550539, 536543, 1600000, 1210251
276, 100080, 96022, 350017, 302758, 550539, 536251, 1600000, 1206755
277, 100080, 95966, 350017, 302140, 550539, 535959, 1600000, 1203169
278, 100080, 95913, 350017, 301507, 550539, 535643, 1600000, 1199677
279, 100080, 95845, 350017, 300911, 550539, 535322, 1600000, 1196155
280, 100080, 95787, 350017, 300304, 550539, 534987, 1600000, 1192680
281, 100080, 95721, 350017, 299725, 550539, 534648, 1600000, 1189148
282, 100080, 95648, 350017, 299099, 550539, 534289, 1600000, 1185608
283, 100080, 95596, 350017, 298450, 550539, 533930, 1600000, 1182111
284, 100080, 95534, 350017, 297832, 550539, 533545, 1600000, 1178587
285, 100080, 95480, 350017, 297150, 550539, 533200, 1600000, 1175039
286, 100080, 95430, 350017, 296539, 550539, 532822, 1600000, 1171617
287, 100080, 95368, 350017, 295899, 550539, 532500, 1600000, 1168131
288, 100080, 95292, 350017, 295282, 550539, 532145, 1600000, 1164607
289, 100080, 95241, 350017, 294616, 550539, 531769, 1600000, 1161023
290, 100080, 95185, 350017, 293963, 550539, 531382, 1600000, 1157528
291, 100080, 95123, 350017, 293328, 550539, 530994, 1600000, 1154021
292, 100080, 95041, 350017, 292679, 550539, 530597, 1600000, 1150456
293, 100080, 94984, 350017, 292030, 550539, 530219, 1600000, 1146941
294, 100080, 94923, 350017, 291370, 550539, 529806, 1600000, 1143481
295, 100080, 94857, 350017, 290650, 550539, 529360, 1600000, 1139859
296, 100080, 94785, 350017, 289971, 550539, 528948, 1600000, 1136194
297, 100080, 94718, 350017, 289282, 550539, 528484, 1600000, 1132508
298, 100080, 94651, 350017, 288616, 550539, 528084, 1600000, 1128943
299, 100080, 94596, 350017, 287937, 550539, 527637, 1600000, 1125392
300, 100080, 94533, 350017, 287262, 550539, 527151, 1600000, 1121823
301, 100080, 94459, 350017, 286534, 550539, 526611, 1600000, 1118176
302, 100080, 94384, 350017, 285851, 550539, 526161, 1600000, 1114601
303, 100080, 94307, 350017, 285130, 550539, 525687, 1600000, 1111059
304, 100080, 94231, 350017, 284443, 550539, 525205, 1600000, 1107446
305, 100080, 94160, 350017, 283759, 550539, 524732, 1600000, 1103909
306, 100080, 94105, 350017, 283041, 550539, 524235, 1600000, 1100352
307, 100080, 94046, 350017, 282292, 550539, 523702, 1600000, 1096814
308, 100080, 93975, 350017, 281563, 550539, 523167, 1600000, 1093207
309, 100080, 93892, 350017, 280887, 550539, 522661, 1600000, 1089625
310, 100080, 93830, 350017, 280141, 550539, 522108, 1600000, 1085970
311, 100080, 93751, 350017, 279379, 550539, 521550, 1600000, 1082324
312, 100080, 93672, 350017, 278630, 550539, 521014, 1600000, 1078697
313, 100080, 93594, 350017, 277870, 550539, 520487, 1600000, 1075082
314, 100080, 93515, 350017, 277182, 550539, 519968, 1600000, 1071610
315, 100080, 93439, 350017, 276407, 550539, 519360, 1600000, 1067948
316, 100080, 93361, 350017, 275673, 550539, 518789, 1600000, 1064398
317, 100080, 93280, 350017, 274956, 550539, 518245, 1600000, 1060895
318, 100080, 93215, 350017, 274190, 550539, 517616, 1600000, 1057280
319, 100080, 93125, 350017, 273429, 550539, 517005, 1600000, 1053689
320, 100080, 93051, 350017, 272663, 550539, 516423, 1594432, 1050089
321, 100080, 92966, 350017, 271904, 550539, 515780, 1594432, 1046467
322, 100080, 92890, 350017, 271227, 550539, 515226, 1594432, 1042956
323, 100080, 92814, 350017, 270437, 550539, 514583, 1594432, 1039351
324, 100080, 92733, 350017, 269641, 550539, 513914, 1594432, 1035747
325, 100080, 92671, 350017, 268871, 550539, 513307, 1594432, 1032179
326, 100080, 92559, 350017, 268086, 550539, 512631, 1594432, 1028589
327, 100080, 92490, 350017, 267347, 550539, 512005, 1594432, 1025075
328, 100080, 92401, 350017, 266538, 550539, 511328, 1594432, 1021506
329, 100080, 92333, 350017, 265756, 550539, 510682, 1594432, 1018061
330, 100080, 92246, 350017, 264998, 550539, 510007, 1594432, 1014513
331, 100080, 92163, 350017, 264161, 550539, 509217, 1594432, 1010855
332, 100080, 92096, 350017, 263381, 550539, 508596, 1594432, 1007372
333, 100080, 92032, 350017, 262605, 550539, 507932, 1594432, 1003898
334, 100080, 91947, 350017, 261828, 550539, 507231, 1594432, 1000283
335, 100080, 91865, 350017, 261050, 550539, 506509, 1594432, 996747
336, 100080, 91800, 350017, 260207, 550539, 505786, 1594432, 993207
337, 100080, 91727, 350017, 259500, 550539, 505178, 1594432, 989849
338, 100080, 91644, 350017, 258715, 550539, 504468, 1594432, 986335
339, 100080, 91565, 350017, 257889, 550539, 503722, 1594432, 982732
340, 100080, 91495, 350017, 257059, 550539, 502955, 1564032, 979213
341, 100080, 91414, 350017, 256153, 550539, 502096, 1564032, 975477
342, 100080, 91334, 350017, 255363, 550539, 501336, 1564032, 972006
343, 100080, 91267, 350017, 254548, 550539, 500517, 1564032, 968439
344, 100080, 91180, 350017, 253750, 550539, 499731, 1564032, 964894
345, 100080, 91106, 350017, 252899, 550539, 498910, 1564032, 961340
346, 100080, 91014, 350017, 252047, 550539, 498089, 1564032, 957850
347, 100080, 90926, 350017, 251174, 550539, 497275, 1564032, 954267
348, 100080, 90838, 350017, 250446, 550539, 496548, 1564032, 950987
349, 100080, 90752, 350017, 249550, 550539, 495633, 1564032, 947307
350, 100080, 90670, 350017, 248657, 550539, 494721, 1564032, 943757
351, 100080, 90592, 350017, 247867, 550539, 493925, 1564032, 940376
352, 100080, 90515, 350017, 246960, 550539, 492979, 1564032, 936717
353, 100080, 90430, 350017, 246162, 550539, 492211, 1564032, 933407
354, 100080, 90348, 350017, 245329, 550539, 491320, 1564032, 929961
355, 100080, 90272, 350017, 244489, 550539, 490468, 1564032, 926523
356, 100080, 90191, 350017, 243644, 550539, 489599, 1564032, 923150
357, 100080, 90098, 350017, 242825, 550539, 488736, 1564032, 919704
358, 100080, 90020, 350017, 242051, 550539, 487948, 1564032, 916454
359, 100080, 89934, 350017, 241199, 550539, 487044, 1564032, 913135
360, 100080, 89863, 349238, 240347, 550539, 486109, 1472320, 909674
361, 100080, 89783, 349238, 239508, 550539, 485163, 1472320, 906314
362, 100080, 89688, 349238, 238663, 550539, 484240, 1472320, 902897
363, 100080, 89617, 349238, 237795, 550539, 483361, 1472320, 899522
364, 100080, 89524, 349238, 236919, 550539, 482413, 1472320, 896106
365, 100080, 89456, 349238, 235975, 550539, 481395, 1472320, 892617
366, 100080, 89368, 349238, 235067, 550539, 480434, 1472320, 889168
367, 100080, 89279, 349238, 234173, 550539, 479484, 1472320, 885727
368, 100080, 89197, 349238, 233318, 550539, 478567, 1472320, 882391
369, 100080, 89113, 349238, 232468, 550539, 477565, 1472320, 879017
370, 100080, 89018, 349238, 231557, 550539, 476521, 1472320, 875509
371, 100080, 88951, 349238, 230660, 550539, 475455, 1472320, 872054
372, 100080, 88868, 349238, 229761, 550539, 474434, 1472320, 868649
373, 100080, 88792, 349238, 228902, 550539, 473379, 1472320, 865268
374, 100080, 88699, 349238, 227965, 550539, 472302, 1472320, 861820
375, 100080, 88627, 349238, 227110, 550539, 471298, 1472320, 858537
376, 100080, 88555, 349238, 226214, 550539, 470217, 1472320, 855199
377, 100080, 88469, 349238, 225336, 550539, 469166, 1472320, 851868
378, 100080, 88385, 349238, 224491, 550539, 468124, 1472320, 848557
379, 100080, 88303, 349238, 223565, 550539, 467038, 1472320, 845130
380, 100080, 88202, 343416, 222646, 550539, 465896, 1295104, 841724
381, 100080, 88127, 343416, 221784, 550539, 464875, 1295104, 838494
382, 100080, 88030, 343416, 220972, 550539, 463933, 1295104, 835356
383, 100080, 87945, 343416, 220004, 550539, 462824, 1295104, 831961
384, 100080, 87852, 343416, 219196, 550539, 461854, 1295104, 828871
385, 100080, 87778, 343416, 218286, 550539, 460832, 1295104, 825657
386, 100080, 87708, 343416, 217486, 550539, 459905, 1295104, 822643
387, 100080, 87619, 343416, 216557, 550539, 458745, 1295104, 819286
388, 100080, 87535, 343416, 215684, 550539, 457685, 1295104, 816139
389, 100080, 87450, 343416, 214798, 550539, 456615, 1295104, 812949
390, 100080, 87372, 343416, 213910, 550539, 455493, 1295104, 809725
391, 100080, 87303, 343416, 213030, 550539, 454435, 1295104, 806598
392, 100080, 87215, 343416, 212213, 550539, 453508, 1295104, 803652
393, 100080, 87131, 343416, 211286, 550539, 452384, 1295104, 800417
394, 100080, 87053, 343416, 210415, 550539, 451275, 1295104, 797234
395, 100080, 86974, 343416, 209488, 550539, 450142, 1295104, 793981
396, 100080, 86894, 343416, 208556, 550539, 448953, 1295104, 790678
397, 100080, 86811, 343416, 207683, 550539, 447821, 1295104, 787555
398, 100080, 86735, 343416, 206728, 550539, 446634, 1295104, 784315
399, 100080, 86647, 343416, 205812, 550539, 445471, 1295104, 781076
400, 100080, 86561, 327303, 204937, 550473, 444312, 1092480, 777826
401, 100080, 86493, 327303, 204234, 550473, 443359, 1092480, 775037
402, 100080, 86415, 327303, 203274, 550473, 442059, 1092480, 771657
403, 100080, 86345, 327303, 202453, 550473, 440958, 1092480, 768668
404, 100080, 86256, 327303, 201517, 550473, 439709, 1092480, 765419
405, 100080, 86174, 327303, 200615, 550473, 438532, 1092480, 762292
406, 100080, 86094, 327303, 199718, 550473, 437359, 1092480, 759152
407, 100080, 86013, 327303, 198871, 550473, 436205, 1092480, 756098
408, 100080, 85956, 327303, 197888, 550473, 434801, 1092480, 752726
409, 100080, 85878, 327303, 196952, 550473, 433494, 1092480, 749490
410, 100080, 85794, 327303, 196096, 550473, 432328, 1092480, 746440
411, 100080, 85720, 327303, 195224, 550473, 431130, 1092480, 743411
412, 100080, 85642, 327303, 194358, 550473, 429948, 1092480, 740419
413, 100080, 85571, 327303, 193517, 550473, 428837, 1092480, 737483
414, 100080, 85478, 327303, 192663, 550473, 427693, 1092480, 734522
415, 100080, 85397, 327303, 191774, 550473, 426487, 1092480, 731456
416, 100080, 85325, 327303, 190888, 550473, 425229, 1092480, 728411
417, 100080, 85241, 327303, 189909, 550473, 423866, 1092480, 725092
418, 100080, 85180, 327303, 189049, 550473, 422653, 1092480, 722166
419, 100080, 85114, 327303, 188138, 550473, 421448, 1092480, 719129
420, 100080, 85036, 293601, 187175, 550308, 420099, 931456, 715873
421, 100080, 84967, 293601, 186274, 550308, 418845, 931456, 712851
422, 100080, 84886, 293601, 185386, 550308, 417591, 931456, 709785
423, 100080, 84817, 293601, 184529, 550308, 416339, 931456, 706866
424, 100080, 84740, 293601, 183641, 550308, 415151, 931456, 703949
425, 100080, 84653, 293601, 182866, 550308, 414080, 931456, 701262
426, 100080, 84569, 293601, 182016, 550308, 412853, 931456, 698341
427, 100080, 84493, 293601, 181199, 550308, 411633, 931456, 695480
428, 100080, 84423, 293601, 180353, 550308, 410467, 931456, 692665
429, 100080, 84357, 293601, 179462, 550308, 409143, 931456, 689648
430, 100080, 84274, 293601, 178624, 550308, 407984, 931456, 686873
431, 100080, 84198, 293601, 177752, 550308, 406694, 931456, 683909
432, 100080, 84123, 293601, 176920, 550308, 405472, 931456, 681067
433, 100080, 84040, 293601, 176062, 550308, 404268, 931456, 678224
434, 100080, 83972, 293601, 175240, 550308, 403054, 931456, 675439
435, 100080, 83896, 293601, 174450, 550308, 401871, 931456, 672680
436, 100080, 83824, 293601, 173581, 550308, 400561, 931456, 669760
437, 100080, 83756, 293601, 172808, 550308, 399458, 931456, 667133
438, 100080, 83672, 293601, 171935, 550308, 398136, 931456, 664184
439, 100080, 83608, 293601, 171189, 550308, 397048, 931456, 661648
440, 100080, 83544, 251412, 170347, 549384, 395769, 848064, 658810
441, 100080, 83465, 251412, 169581, 549384, 394630, 848064, 656171
442, 100080, 83393, 251412, 168745, 549384, 393378, 848064, 653382
443, 100080, 83325, 251412, 167933, 549384, 392165, 848064, 650690
444, 100080, 83251, 251412, 167077, 549384, 390911, 848064, 647876
445, 100080, 83186, 251412, 166202, 549384, 389563, 848064, 644996
446, 100080, 83125, 251412, 165340, 549384, 388230, 848064, 642187
447, 100080, 83053, 251412, 164446, 549384, 386901, 848064, 639239
448, 100080, 82987, 251412, 163620, 549384, 385578, 848064, 636484
449, 100080, 82914, 251412, 162705, 549384, 384054, 848064, 633377
450, 100080, 82839, 251412, 161794, 549384, 382696, 848064, 630484
451, 100080, 82771, 251412, 160961, 549384, 381421, 848064, 627774
452, 100080, 82697, 251412, 160143, 549384, 380177, 848064, 625128
453, 100080, 82627, 251412, 159349, 549384, 378947, 848064, 622447
454, 100080, 82556, 251412, 158474, 549384, 377634, 848064, 619607
455, 100080, 82500, 251412, 157640, 549384, 376269, 848064, 616803
456, 100080, 82426, 251412, 156799, 549384, 375002, 848064, 614120
457, 100080, 82357, 251412, 155870, 549384, 373598, 848064, 611196
458, 100080, 82287, 251412, 155012, 549384, 372237, 848064, 608415
459, 100080, 82223, 251412, 154203, 549384, 370947, 848064, 605740
460, 100080, 82147, 212626, 153378, 544665, 369499, 811392, 602864
461, 100080, 82079, 212626, 152604, 544665, 368324, 811392, 600325
462, 100080, 82005, 212626, 151798, 544665, 367033, 811392, 597668
463, 100080, 81940, 212626, 151035, 544665, 365862, 811392, 595236
464, 100080, 81885, 212626, 150219, 544665, 364573, 811392, 592611
465, 100080, 81832, 212626, 149468, 544665, 363365, 811392, 590104
466, 100080, 81769, 212626, 148677, 544665, 362096, 811392, 587547
467, 100080, 81709, 212626, 147792, 544665, 360689, 811392, 584710
468, 100080, 81665, 212626, 147066, 544665, 359537, 811392, 582330
469, 100080, 81599, 212626, 146229, 544665, 358168, 811392, 579583
470, 100080, 81535, 212626, 145485, 544665, 356938, 811392, 577089
471, 100080, 81470, 212626, 144689, 544665, 355671, 811392, 574548
472, 100080, 81399, 212626, 143889, 544665, 354418, 811392, 571963
473, 100080, 81326, 212626, 143116, 544665, 353170, 811392, 569432
474, 100080, 81264, 212626, 142314, 544665, 351851, 811392, 566842
475, 100080, 81207, 212626, 141431, 544665, 350425, 811392, 564076
476, 100080, 81151, 212626, 140646, 544665, 349132, 811392, 561546
477, 100080, 81095, 212626, 139890, 544665, 347832, 811392, 559046
478, 100080, 81053, 212626, 139150, 544665, 346556, 811392, 556599
479, 100080, 80992, 212626, 138343, 544665, 345190, 811392, 553998
480, 100080, 80944, 188682, 137561, 530277, 343854, 790592, 551466
481, 100080, 80877, 188682, 136836, 530277, 342706, 790592, 549161
482, 100080, 80814, 188682, 136100, 530277, 341476, 790592, 546758
483, 100080, 80750, 188682, 135426, 530277, 340317, 790592, 544478
484, 100080, 80704, 188682, 134667, 530277, 339039, 790592, 542054
485, 100080, 80650, 188682, 133882, 530277, 337687, 790592, 539467
486, 100080, 80589, 188682, 133162, 530277, 336502, 790592, 537168
487, 100080, 80540, 188682, 132316, 530277, 335054, 790592, 534454
488, 100080, 80492, 188682, 131622, 530277, 333913, 790592, 532256
489, 100080, 80435, 188682, 130717, 530277, 332415, 790592, 529440
490, 100080, 80377, 188682, 129954, 530277, 331147, 790592, 526975
491, 100080, 80330, 188682, 129159, 530277, 329825, 790592, 524482
492, 100080, 80279, 188682, 128465, 530277, 328664, 790592, 522203
493, 100080, 80219, 188682, 127754, 530277, 327425, 790592, 519881
494, 100080, 80176, 188682, 127052, 530277, 326224, 790592, 517607
495, 100080, 80111, 188682, 126375, 530277, 325051, 790592, 515367
496, 100080, 80067, 188682, 125696, 530277, 323886, 790592, 513162
497, 100080, 80016, 188682, 124867, 530277, 322465, 790592, 510532
498, 100080, 79957, 188682, 124122, 530277, 321204, 790592, 508147
499, 100080, 79899, 188682, 123443, 530277, 320022, 790592, 505918
500, 100080, 79848, 175316, 122742, 501435, 318788, 759872, 503627
501, 100080, 79795, 175316, 122091, 501435, 317670, 759872, 501498
502, 100080, 79752, 175316, 121406, 501435, 316461, 759872, 499274
503, 100080, 79698, 175316, 120665, 501435, 315286, 759872, 497010
504, 100080, 79647, 175316, 119953, 501435, 313987, 759872, 494682
505, 100080, 79602, 175316, 119217, 501435, 312672, 759872, 492287
506, 100080, 79555, 175316, 118574, 501435, 311601, 759872, 490255
507, 100080, 79496, 175316, 117907, 501435, 310393, 759872, 488094
508, 100080, 79454, 175316, 117134, 501435, 309042, 759872, 485659
509, 100080, 79405, 175316, 116495, 501435, 307944, 759872, 483588
510, 100080, 79350, 175316, 115858, 501435, 306835, 759872, 481519
511, 100080, 79303, 175316, 115087, 501435, 305538, 759872, 479144
512, 100080, 79254, 175316, 114375, 501435, 304226, 759872, 476815
513, 100080, 79197, 175316, 113766, 501435, 303236, 759872, 474885
514, 100080, 79141, 175316, 113161, 501435, 302161, 759872, 472905
515, 100080, 79088, 175316, 112545, 501435, 301048, 759872, 470887
516, 100080, 79042, 175316, 111855, 501435, 299889, 759872, 468743
517, 100080, 78985, 175316, 111228, 501435, 298786, 759872, 466740
518, 100080, 78930, 175316, 110625, 501435, 297676, 759872, 464728
519, 100080, 78864, 175316, 109937, 501435, 296435, 759872, 462516
520, 100080, 78813, 162647, 109283, 458502, 295318, 703872, 460444
521, 100080, 78764, 162647, 108645, 458502, 294092, 703872, 458293
522, 100080, 78714, 162647, 108099, 458502, 293107, 703872, 456466
523, 100080, 78663, 162647, 107504, 458502, 292013, 703872, 454459
524, 100080, 78616, 162647, 106712, 458502, 290516, 703872, 451904
525, 100080, 78566, 162647, 106133, 458502, 289435, 703872, 449954
526, 100080, 78518, 162647, 105478, 458502, 288250, 703872, 447850
527, 100080, 78466, 162647, 104930, 458502, 287277, 703872, 446067
528, 100080, 78407, 162647, 104278, 458502, 286115, 703872, 443990
529, 100080, 78360, 162647, 103730, 458502, 285080, 703872, 442147
530, 100080, 78305, 162647, 103089, 458502, 283879, 703872, 440050
531, 100080, 78250, 162647, 102511, 458502, 282848, 703872, 438206
532, 100080, 78201, 162647, 101876, 458502, 281734, 703872, 436225
533, 100080, 78161, 162647, 101245, 458502, 280630, 703872, 434236
534, 100080, 78106, 162647, 100657, 458502, 279517, 703872, 432298
535, 100080, 78058, 162647, 100090, 458502, 278545, 703872, 430517
536, 100080, 77998, 162647, 99507, 458502, 277535, 703872, 428662
537, 100080, 77953, 162647, 98975, 458502, 276595, 703872, 426952
538, 100080, 77909, 162647, 98457, 458502, 275674, 703872, 425284
539, 100080, 77859, 162647, 97864, 458502, 274596, 703872, 423353
540, 100080, 77804, 146821, 97315, 409563, 273633, 629376, 421597
541, 100080, 77752, 146821, 96660, 409563, 272441, 629376, 419509
542, 100080, 77719, 146821, 96066, 409563, 271379, 629376, 417669
543, 100080, 77668, 146821, 95531, 409563, 270343, 629376, 415881
544, 100080, 77628, 146821, 95035, 409563, 269405, 629376, 414261
545, 100080, 77586, 146821, 94619, 409563, 268644, 629376, 412860
546, 100080, 77541, 146821, 94113, 409563, 267714, 629376, 411211
547, 100080, 77504, 146821, 93542, 409563, 266602, 629376, 409336
548, 100080, 77467, 146821, 93011, 409563, 265624, 629376, 407607
549, 100080, 77424, 146821, 92461, 409563, 264503, 629376, 405741
550, 100080, 77381, 146821, 91989, 409563, 263620, 629376, 404151
551, 100080, 77338, 146821, 91547, 409563, 262796, 629376, 402681
552, 100080, 77288, 146821, 91059, 409563, 261896, 629376, 401086
553, 100080, 77249, 146821, 90613, 409563, 261083, 629376, 399616
554, 100080, 77198, 146821, 89999, 409563, 259921, 629376, 397617
555, 100080, 77159, 146821, 89483, 409563, 258955, 629376, 395936
556, 100080, 77121, 146821, 88999, 409563, 258030, 629376, 394331
557, 100080, 77082, 146821, 88548, 409563, 257195, 629376, 392839
558, 100080, 77043, 146821, 88080, 409563, 256269, 629376, 391244
559, 100080, 77002, 146821, 87591, 409563, 255332, 629376, 389643
560, 100080, 76965, 128945, 87044, 366531, 254284, 552576, 387885
561, 100080, 76924, 128945, 86533, 366531, 253297, 552576, 386195
562, 100080, 76888, 128945, 85967, 366531, 252127, 552576, 384278
563, 100080, 76861, 128945, 85500, 366531, 251246, 552576, 382736
564, 100080, 76821, 128945, 85059, 366531, 250367, 552576, 381233
565, 100080, 76777, 128945, 84572, 366531, 249449, 552576, 379642
566, 100080, 76732, 128945, 84062, 366531, 248439, 552576, 377951
567, 100080, 76698, 128945, 83577, 366531, 247442, 552576, 376291
568, 100080, 76672, 128945, 83051, 366531, 246442, 552576, 374590
569, 100080, 76633, 128945, 82630, 366531, 245613, 552576, 373168
570, 100080, 76587, 128945, 82153, 366531, 244687, 552576, 371598
571, 100080, 76556, 128945, 81694, 366531, 243767, 552576, 370063
572, 100080, 76516, 128945, 81219, 366531, 242836, 552576, 368505
573, 100080, 76479, 128945, 80834, 366531, 242097, 552576, 367229
574, 100080, 76435, 128945, 80394, 366531, 241271, 552576, 365808
575, 100080, 76400, 128945, 79996, 366531, 240531, 552576, 364497
576, 100080, 76375, 128945, 79613, 366531, 239768, 552576, 363203
577, 100080, 76335, 128945, 79184, 366531, 238920, 552576, 361782
578, 100080, 76308, 128945, 78737, 366531, 237980, 552576, 360242
579, 100080, 76261, 128945, 78287, 366531, 237077, 552576, 358721
580, 100080, 76232, 112873, 77945, 332442, 236421, 489920, 357594
581, 100080, 76198, 112873, 77519, 332442, 235526, 489920, 356124
582, 100080, 76162, 112873, 77139, 332442, 234771, 489920, 354850
583, 100080, 76124, 112873, 76703, 332442, 233932, 489920, 353428
584, 100080, 76089, 112873, 76286, 332442, 233146, 489920, 352080
585, 100080, 76057, 112873, 75874, 332442, 232357, 489920, 350732
586, 100080, 76029, 112873, 75368, 332442, 231288, 489920, 349012
587, 100080, 75988, 112873, 74985, 332442, 230515, 489920, 347697
588, 100080, 75952, 112873, 74616, 332442, 229852, 489920, 346507
589, 100080, 75915, 112873, 74201, 332442, 229032, 489920, 345127
590, 100080, 75874, 112873, 73847, 332442, 228358, 489920, 343959
591, 100080, 75833, 112873, 73413, 332442, 227539, 489920, 342555
592, 100080, 75787, 112873, 72971, 332442, 226638, 489920, 341059
593, 100080, 75753, 112873, 72595, 332442, 225880, 489920, 339792
594, 100080, 75702, 112873, 72259, 332442, 225119, 489920, 338568
595, 100080, 75671, 112873, 71915, 332442, 224440, 489920, 337408
596, 100080, 75638, 112873, 71484, 332442, 223581, 489920, 335987
597, 100080, 75608, 112873, 71151, 332442, 222918, 489920, 334860
598, 100080, 75574, 112873, 70814, 332442, 222268, 489920, 333737
599, 100080, 75547, 112873, 70494, 332442, 221661, 489920, 332676
600, 100080, 75516, 99917, 70167, 308055, 221007, 446912, 331579
601, 100080, 75487, 99917, 69833, 308055, 220310, 446912, 330407
602, 100080, 75458, 99917, 69408, 308055, 219373, 446912, 328915
603, 100080, 75430, 99917, 69023, 308055, 218635, 446912, 327672
604, 100080, 75409, 99917, 68728, 308055, 217996, 446912, 326607
605, 100080, 75379, 99917, 68399, 308055, 217351, 446912, 325512
606, 100080, 75333, 99917, 68048, 308055, 216647, 446912, 324326
607, 100080, 75295, 99917, 67691, 308055, 215909, 446912, 323117
608, 100080, 75266, 99917, 67255, 308055, 215044, 446912, 321680
609, 100080, 75237, 99917, 66926, 308055, 214331, 446912, 320535
610, 100080, 75198, 99917, 66605, 308055, 213607, 446912, 319386
611, 100080, 75167, 99917, 66228, 308055, 212878, 446912, 318166
612, 100080, 75137, 99917, 65857, 308055, 212111, 446912, 316911
613, 100080, 75099, 99917, 65575, 308055, 211538, 446912, 315947
614, 100080, 75063, 99917, 65249, 308055, 210861, 446912, 314834
615, 100080, 75037, 99917, 64930, 308055, 210195, 446912, 313736
616, 100080, 74991, 99917, 64578, 308055, 209471, 446912, 312549
617, 100080, 74965, 99917, 64287, 308055, 208912, 446912, 311589
618, 100080, 74936, 99917, 64009, 308055, 208320, 446912, 310633
619, 100080, 74904, 99917, 63647, 308055, 207581, 446912, 309416
620, 100080, 74875, 90692, 63339, 290829, 206920, 420544, 308348
621, 100080, 74844, 90692, 62957, 290829, 206075, 420544, 307019
622, 100080, 74802, 90692, 62642, 290829, 205388, 420544, 305922
623, 100080, 74767, 90692, 62314, 290829, 204718, 420544, 304808
624, 100080, 74745, 90692, 62021, 290829, 204117, 420544, 303817
625, 100080, 74716, 90692, 61711, 290829, 203490, 420544, 302777
626, 100080, 74686, 90692, 61395, 290829, 202872, 420544, 301741
627, 100080, 74652, 90692, 61049, 290829, 202152, 420544, 300574
628, 100080, 74621, 90692, 60765, 290829, 201581, 420544, 299611
629, 100080, 74586, 90692, 60416, 290829, 200858, 420544, 298444
630, 100080, 74560, 90692, 60112, 290829, 200260, 420544, 297466
631, 100080, 74523, 90692, 59821, 290829, 199583, 420544, 296401
632, 100080, 74488, 90692, 59512, 290829, 198979, 420544, 295397
633, 100080, 74449, 90692, 59264, 290829, 198474, 420544, 294533
634, 100080, 74423, 90692, 58996, 290829, 197899, 420544, 293598
635, 100080, 74395, 90692, 58696, 290829, 197285, 420544, 292603
636, 100080, 74370, 90692, 58395, 290829, 196638, 420544, 291554
637, 100080, 74340, 90692, 58124, 290829, 196049, 420544, 290597
638, 100080, 74308, 90692, 57820, 290829, 195490, 420544, 289636
639, 100080, 74286, 90692, 57548, 290829, 194933, 420544, 288727
640, 100080, 74255, 83640, 57264, 277464, 194362, 402944, 287788
641, 100080, 74223, 83640, 57030, 277464, 193919, 402944, 287017
642, 100080, 74201, 83640, 56778, 277464, 193398, 402944, 286161
643, 100080, 74174, 83640, 56477, 277464, 192742, 402944, 285134
644, 100080, 74143, 83640, 56181, 277464, 192183, 402944, 284192
645, 100080, 74120, 83640, 55951, 277464, 191668, 402944, 283365
646, 100080, 74096, 83640, 55713, 277464, 191130, 402944, 282507
647, 100080, 74071, 83640, 55471, 277464, 190623, 402944, 281678
648, 100080, 74031, 83640, 55217, 277464, 190128, 402944, 280838
649, 100080, 74012, 83640, 54987, 277464, 189670, 402944, 280064
650, 100080, 73986, 83640, 54731, 277464, 189112, 402944, 279176
651, 100080, 73950, 83640, 54510, 277464, 188606, 402944, 278350
652, 100080, 73914, 83640, 54193, 277464, 187924, 402944, 277277
653, 100080, 73882, 83640, 53927, 277464, 187376, 402944, 276381
654, 100080, 73869, 83640, 53733, 277464, 186924, 402944, 275669
655, 100080, 73843, 83640, 53429, 277464, 186290, 402944, 274644
656, 100080, 73813, 83640, 53136, 277464, 185580, 402944, 273571
657, 100080, 73788, 83640, 52888, 277464, 185030, 402944, 272683
658, 100080, 73760, 83640, 52664, 277464, 184577, 402944, 271920
659, 100080, 73734, 83640, 52423, 277464, 184055, 402944, 271075
660, 100080, 73702, 76793, 52134, 266607, 183442, 388992, 270095
661, 100080, 73678, 76793, 51913, 266607, 182935, 388992, 269277
662, 100080, 73661, 76793, 51730, 266607, 182557, 388992, 268644
663, 100080, 73633, 76793, 51483, 266607, 182034, 388992, 267794
664, 100080, 73608, 76793, 51244, 266607, 181517, 388992, 266966
665, 100080, 73588, 76793, 51009, 266607, 181065, 388992, 266214
666, 100080, 73565, 76793, 50764, 266607, 180576, 388992, 265394
667, 100080, 73540, 76793, 50488, 266607, 180023, 388992, 264484
668, 100080, 73507, 76793, 50268, 266607, 179495, 388992, 263653
669, 100080, 73476, 76793, 50074, 266607, 179067, 388992, 262957
670, 100080, 73458, 76793, 49860, 266607, 178645, 388992, 262249
671, 100080, 73435, 76793, 49659, 266607, 178198, 388992, 261533
672, 100080, 73406, 76793, 49464, 266607, 177786, 388992, 260841
673, 100080, 73380, 76793, 49263, 266607, 177318, 388992, 260102
674, 100080, 73359, 76793, 49087, 266607, 176964, 388992, 259502
675, 100080, 73335, 76793, 48861, 266607, 176464, 388992, 258707
676, 100080, 73314, 76793, 48613, 266607, 175956, 388992, 257877
677, 100080, 73289, 76793, 48407, 266607, 175549, 388992, 257203
678, 100080, 73251, 76793, 48168, 266607, 175005, 388992, 256337
679, 100080, 73220, 76793, 47989, 266607, 174606, 388992, 255679
680, 100080, 73188, 71012, 47782, 256047, 174209, 373888, 255010
681, 100080, 73164, 71012, 47572, 256047, 173778, 373888, 254295
682, 100080, 73138, 71012, 47390, 256047, 173394, 373888, 253654
683, 100080, 73114, 71012, 47182, 256047, 172907, 373888, 252889
684, 100080, 73077, 71012, 46979, 256047, 172456, 373888, 252165
685, 100080, 73056, 71012, 46795, 256047, 172073, 373888, 251527
686, 100080, 73026, 71012, 46578, 256047, 171626, 373888, 250798
687, 100080, 72997, 71012, 46377, 256047, 171186, 373888, 250093
688, 100080, 72975, 71012, 46187, 256047, 170784, 373888, 249443
689, 100080, 72947, 71012, 45990, 256047, 170347, 373888, 248748
690, 100080, 72925, 71012, 45817, 256047, 169973, 373888, 248141
691, 100080, 72901, 71012, 45606, 256047, 169483, 373888, 247383
692, 100080, 72889, 71012, 45445, 256047, 169128, 373888, 246796
693, 100080, 72869, 71012, 45257, 256047, 168770, 373888, 246188
694, 100080, 72845, 71012, 45066, 256047, 168342, 373888, 245496
695, 100080, 72825, 71012, 44882, 256047, 167997, 373888, 244910
696, 100080, 72798, 71012, 44720, 256047, 167624, 373888, 244314
697, 100080, 72769, 71012, 44480, 256047, 167072, 373888, 243461
698, 100080, 72749, 71012, 44304, 256047, 166716, 373888, 242867
699, 100080, 72717, 71012, 44133, 256047, 166361, 373888, 242282
700, 100080, 72694, 65026, 43962, 246015, 165987, 357760, 241676
701, 100080, 72663, 65026, 43771, 246015, 165570, 357760, 241001
702, 100080, 72642, 65026, 43556, 246015, 165097, 357760, 240265
703, 100080, 72619, 65026, 43396, 246015, 164764, 357760, 239718
704, 100080, 72601, 65026, 43216, 246015, 164414, 357760, 239142
705, 100080, 72578, 65026, 43063, 246015, 164098, 357760, 238623
706, 100080, 72550, 65026, 42883, 246015, 163672, 357760, 237958
707, 100080, 72530, 65026, 42728, 246015, 163350, 357760, 237420
708, 100080, 72512, 65026, 42564, 246015, 162985, 357760, 236843
709, 100080, 72491, 65026, 42395, 246015, 162637, 357760, 236263
710, 100080, 72469, 65026, 42190, 246015, 162192, 357760, 235565
711, 100080, 72447, 65026, 42031, 246015, 161842, 357760, 235011
712, 100080, 72427, 65026, 41874, 246015, 161507, 357760, 234461
713, 100080, 72400, 65026, 41679, 246015, 161101, 357760, 233810
714, 100080, 72374, 65026, 41520, 246015, 160751, 357760, 233240
715, 100080, 72350, 65026, 41351, 246015, 160332, 357760, 232604
716, 100080, 72331, 65026, 41174, 246015, 159971, 357760, 232024
717, 100080, 72310, 65026, 40918, 246015, 159362, 357760, 231104
718, 100080, 72293, 65026, 40752, 246015, 158970, 357760, 230497
719, 100080, 72263, 65026, 40596, 246015, 158623, 357760, 229942
720, 100080, 72244, 59368, 40435, 235125, 158313, 341248, 229410
721, 100080, 72221, 59368, 40270, 235125, 157936, 341248, 228824
722, 100080, 72197, 59368, 40133, 235125, 157637, 341248, 228346
723, 100080, 72171, 59368, 39962, 235125, 157286, 341248, 227769
724, 100080, 72154, 59368, 39816, 235125, 156950, 341248, 227246
725, 100080, 72138, 59368, 39674, 235125, 156632, 341248, 226738
726, 100080, 72124, 59368, 39523, 235125, 156270, 341248, 226182
727, 100080, 72108, 59368, 39373, 235125, 155937, 341248, 225663
728, 100080, 72091, 59368, 39253, 235125, 155690, 341248, 225244
729, 100080, 72070, 59368, 39124, 235125, 155407, 341248, 224781
730, 100080, 72051, 59368, 38985, 235125, 155094, 341248, 224283
731, 100080, 72031, 59368, 38873, 235125, 154844, 341248, 223870
732, 100080, 72015, 59368, 38721, 235125, 154516, 341248, 223347
733, 100080, 71992, 59368, 38602, 235125, 154232, 341248, 222900
734, 100080, 71974, 59368, 38455, 235125, 153916, 341248, 222384
735, 100080, 71961, 59368, 38327, 235125, 153675, 341248, 221969
736, 100080, 71944, 59368, 38189, 235125, 153376, 341248, 221491
737, 100080, 71924, 59368, 38073, 235125, 153125, 341248, 221087
738, 100080, 71902, 59368, 37928, 235125, 152776, 341248, 220550
739, 100080, 71884, 59368, 37796, 235125, 152468, 341248, 220072
740, 100080, 71869, 54899, 37630, 226017, 152096, 324864, 219491
741, 100080, 71840, 54899, 37460, 226017, 151677, 324864, 218851
742, 100080, 71820, 54899, 37331, 226017, 151402, 324864, 218405
743, 100080, 71802, 54899, 37167, 226017, 151039, 324864, 217837
744, 100080, 71781, 54899, 37049, 226017, 150756, 324864, 217386
745, 100080, 71755, 54899, 36926, 226017, 150489, 324864, 216953
746, 100080, 71734, 54899, 36768, 226017, 150090, 324864, 216336
747, 100080, 71712, 54899, 36618, 226017, 149737, 324864, 215799
748, 100080, 71699, 54899, 36485, 226017, 149435, 324864, 215328
749, 100080, 71683, 54899, 36356, 226017, 149104, 324864, 214825
750, 100080, 71665, 54899, 36248, 226017, 148883, 324864, 214463
751, 100080, 71650, 54899, 36122, 226017, 148599, 324864, 214024
752, 100080, 71631, 54899, 35972, 226017, 148275, 324864, 213514
753, 100080, 71612, 54899, 35845, 226017, 147982, 324864, 213039
754, 100080, 71600, 54899, 35728, 226017, 147749, 324864, 212659
755, 100080, 71592, 54899, 35616, 226017, 147481, 324864, 212232
756, 100080, 71575, 54899, 35453, 226017, 147114, 324864, 211668
757, 100080, 71561, 54899, 35321, 226017, 146815, 324864, 211193
758, 100080, 71548, 54899, 35191, 226017, 146561, 324864, 210776
759, 100080, 71528, 54899, 35068, 226017, 146295, 324864, 210348
760, 100080, 71509, 51127, 34951, 216480, 146046, 307712, 209941
761, 100080, 71494, 51127, 34834, 216480, 145774, 307712, 209515
762, 100080, 71476, 51127, 34757, 216480, 145604, 307712, 209235
763, 100080, 71460, 51127, 34655, 216480, 145359, 307712, 208857
764, 100080, 71441, 51127, 34527, 216480, 145033, 307712, 208367
765, 100080, 71420, 51127, 34414, 216480, 144776, 307712, 207958
766, 100080, 71410, 51127, 34299, 216480, 144500, 307712, 207530
767, 100080, 71395, 51127, 34177, 216480, 144237, 307712, 207103
768, 100080, 71379, 51127, 34071, 216480, 143994, 307712, 206699
769, 100080, 71360, 51127, 33965, 216480, 143729, 307712, 206296
770, 100080, 71344, 51127, 33864, 216480, 143486, 307712, 205913
771, 100080, 71325, 51127, 33760, 216480, 143275, 307712, 205566
772, 100080, 71304, 51127, 33662, 216480, 143054, 307712, 205218
773, 100080, 71279, 51127, 33545, 216480, 142794, 307712, 204800
774, 100080, 71261, 51127, 33454, 216480, 142588, 307712, 204463
775, 100080, 71242, 51127, 33319, 216480, 142254, 307712, 203953
776, 100080, 71224, 51127, 33207, 216480, 142028, 307712, 203590
777, 100080, 71211, 51127, 33141, 216480, 141888, 307712, 203351
778, 100080, 71200, 51127, 33023, 216480, 141624, 307712, 202933
779, 100080, 71183, 51127, 32919, 216480, 141380, 307712, 202559
780, 100080, 71162, 47724, 32784, 208725, 141086, 292928, 202097
781, 100080, 71143, 47724, 32692, 208725, 140823, 292928, 201702
782, 100080, 71131, 47724, 32597, 208725, 140620, 292928, 201373
783, 100080, 71119, 47724, 32501, 208725, 140376, 292928, 200999
784, 100080, 71101, 47724, 32430, 208725, 140178, 292928, 200692
785, 100080, 71082, 47724, 32328, 208725, 139953, 292928, 200336
786, 100080, 71066, 47724, 32221, 208725, 139711, 292928, 199950
787, 100080, 71047, 47724, 32139, 208725, 139502, 292928, 199622
788, 100080, 71030, 47724, 32044, 208725, 139270, 292928, 199259
789, 100080, 71015, 47724, 31954, 208725, 139056, 292928, 198915
790, 100080, 70995, 47724, 31846, 208725, 138798, 292928, 198501
791, 100080, 70978, 47724, 31733, 208725, 138557, 292928, 198110
792, 100080, 70957, 47724, 31651, 208725, 138356, 292928, 197792
793, 100080, 70937, 47724, 31539, 208725, 138093, 292928, 197399
794, 100080, 70919, 47724, 31429, 208725, 137846, 292928, 197004
795, 100080, 70906, 47724, 31347, 208725, 137666, 292928, 196713
796, 100080, 70884, 47724, 31256, 208725, 137474, 292928, 196399
797, 100080, 70868, 47724, 31165, 208725, 137274, 292928, 196080
798, 100080, 70844, 47724, 31071, 208725, 137047, 292928, 195717
799, 100080, 70826, 47724, 30981, 208725, 136847, 292928, 195397
800, 100080, 70814, 45141, 30884, 201465, 136611, 280384, 195026
801, 100080, 70799, 45141, 30792, 201465, 136358, 280384, 194648
802, 100080, 70778, 45141, 30699, 201465, 136121, 280384, 194285
803, 100080, 70759, 45141, 30571, 201465, 135850, 280384, 193852
804, 100080, 70748, 45141, 30477, 201465, 135647, 280384, 193523
805, 100080, 70733, 45141, 30386, 201465, 135441, 280384, 193200
806, 100080, 70721, 45141, 30317, 201465, 135288, 280384, 192942
807, 100080, 70700, 45141, 30245, 201465, 135123, 280384, 192673
808, 100080, 70689, 45141, 30164, 201465, 134906, 280384, 192346
809, 100080, 70661, 45141, 30053, 201465, 134657, 280384, 191951
810, 100080, 70641, 45141, 29937, 201465, 134365, 280384, 191499
811, 100080, 70630, 45141, 29863, 201465, 134190, 280384, 191215
812, 100080, 70613, 45141, 29756, 201465, 133914, 280384, 190795
813, 100080, 70595, 45141, 29667, 201465, 133701, 280384, 190461
814, 100080, 70583, 45141, 29594, 201465, 133540, 280384, 190198
815, 100080, 70570, 45141, 29529, 201465, 133394, 280384, 189953
816, 100080, 70556, 45141, 29444, 201465, 133190, 280384, 189642
817, 100080, 70547, 45141, 29379, 201465, 133056, 280384, 189415
818, 100080, 70530, 45141, 29290, 201465, 132823, 280384, 189057
819, 100080, 70518, 45141, 29222, 201465, 132654, 280384, 188791
820, 100080, 70495, 42435, 29113, 194568, 132377, 267840, 188381
821, 100080, 70476, 42435, 29037, 194568, 132178, 267840, 188069
822, 100080, 70458, 42435, 28951, 194568, 131975, 267840, 187751
823, 100080, 70451, 42435, 28848, 194568, 131730, 267840, 187383
824, 100080, 70439, 42435, 28752, 194568, 131477, 267840, 187010
825, 100080, 70426, 42435, 28659, 194568, 131244, 267840, 186654
826, 100080, 70407, 42435, 28595, 194568, 131083, 267840, 186405
827, 100080, 70392, 42435, 28518, 194568, 130874, 267840, 186084
828, 100080, 70377, 42435, 28443, 194568, 130711, 267840, 185821
829, 100080, 70362, 42435, 28363, 194568, 130497, 267840, 185500
830, 100080, 70347, 42435, 28304, 194568, 130347, 267840, 185262
831, 100080, 70330, 42435, 28209, 194568, 130143, 267840, 184931
832, 100080, 70321, 42435, 28167, 194568, 130039, 267840, 184762
833, 100080, 70307, 42435, 28097, 194568, 129864, 267840, 184493
834, 100080, 70296, 42435, 28035, 194568, 129695, 267840, 184235
835, 100080, 70284, 42435, 27954, 194568, 129526, 267840, 183966
836, 100080, 70272, 42435, 27863, 194568, 129295, 267840, 183621
837, 100080, 70261, 42435, 27786, 194568, 129105, 267840, 183322
838, 100080, 70243, 42435, 27712, 194568, 128925, 267840, 183042
839, 100080, 70230, 42435, 27628, 194568, 128741, 267840, 182738
840, 100080, 70212, 40221, 27543, 187737, 128514, 257856, 182392
841, 100080, 70199, 40221, 27465, 187737, 128314, 257856, 182086
842, 100080, 70184, 40221, 27393, 187737, 128144, 257856, 181818
843, 100080, 70173, 40221, 27311, 187737, 127967, 257856, 181540
844, 100080, 70161, 40221, 27246, 187737, 127819, 257856, 181304
845, 100080, 70147, 40221, 27176, 187737, 127640, 257856, 181025
846, 100080, 70139, 40221, 27116, 187737, 127500, 257856, 180802
847, 100080, 70127, 40221, 27035, 187737, 127321, 257856, 180518
848, 100080, 70106, 40221, 26971, 187737, 127198, 257856, 180308
849, 100080, 70093, 40221, 26898, 187737, 127047, 257856, 180058
850, 100080, 70079, 40221, 26812, 187737, 126806, 257856, 179707
851, 100080, 70071, 40221, 26749, 187737, 126654, 257856, 179468
852, 100080, 70060, 40221, 26694, 187737, 126532, 257856, 179268
853, 100080, 70042, 40221, 26627, 187737, 126370, 257856, 179010
854, 100080, 70028, 40221, 26565, 187737, 126232, 257856, 178787
855, 100080, 70017, 40221, 26490, 187737, 126048, 257856, 178507
856, 100080, 70002, 40221, 26411, 187737, 125868, 257856, 178224
857, 100080, 69988, 40221, 26330, 187737, 125687, 257856, 177942
858, 100080, 69977, 40221, 26275, 187737, 125550, 257856, 177729
859, 100080, 69958, 40221, 26217, 187737, 125405, 257856, 177495
860, 100080, 69942, 38253, 26126, 182358, 125176, 248704, 177150
861, 100080, 69930, 38253, 26064, 182358, 125021, 248704, 176916
862, 100080, 69921, 38253, 26004, 182358, 124881, 248704, 176693
863, 100080, 69902, 38253, 25938, 182358, 124710, 248704, 176425
864, 100080, 69890, 38253, 25874, 182358, 124558, 248704, 176179
865, 100080, 69881, 38253, 25833, 182358, 124456, 248704, 176016
866, 100080, 69870, 38253, 25773, 182358, 124294, 248704, 175776
867, 100080, 69863, 38253, 25708, 182358, 124135, 248704, 175527
868, 100080, 69859, 38253, 25651, 182358, 124005, 248704, 175321
869, 100080, 69843, 38253, 25599, 182358, 123868, 248704, 175101
870, 100080, 69831, 38253, 25540, 182358, 123749, 248704, 174901
871, 100080, 69816, 38253, 25462, 182358, 123551, 248704, 174598
872, 100080, 69805, 38253, 25401, 182358, 123416, 248704, 174380
873, 100080, 69792, 38253, 25325, 182358, 123251, 248704, 174117
874, 100080, 69780, 38253, 25269, 182358, 123125, 248704, 173918
875, 100080, 69769, 38253, 25218, 182358, 123010, 248704, 173724
876, 100080, 69756, 38253, 25141, 182358, 122809, 248704, 173429
877, 100080, 69742, 38253, 25069, 182358, 122647, 248704, 173169
878, 100080, 69729, 38253, 25027, 182358, 122550, 248704, 173010
879, 100080, 69718, 38253, 24989, 182358, 122458, 248704, 172858
880, 100080, 69706, 36818, 24918, 177342, 122308, 241728, 172612
881, 100080, 69687, 36818, 24872, 177342, 122196, 241728, 172427
882, 100080, 69672, 36818, 24815, 177342, 122055, 241728, 172204
883, 100080, 69668, 36818, 24775, 177342, 121977, 241728, 172067
884, 100080, 69655, 36818, 24717, 177342, 121823, 241728, 171832
885, 100080, 69644, 36818, 24669, 177342, 121701, 241728, 171645
886, 100080, 69633, 36818, 24609, 177342, 121574, 241728, 171434
887, 100080, 69615, 36818, 24539, 177342, 121395, 241728, 171166
888, 100080, 69606, 36818, 24486, 177342, 121257, 241728, 170951
889, 100080, 69591, 36818, 24437, 177342, 121150, 241728, 170773
890, 100080, 69579, 36818, 24391, 177342, 121034, 241728, 170585
891, 100080, 69564, 36818, 24326, 177342, 120886, 241728, 170358
892, 100080, 69556, 36818, 24267, 177342, 120741, 241728, 170136
893, 100080, 69545, 36818, 24220, 177342, 120635, 241728, 169959
894, 100080, 69536, 36818, 24171, 177342, 120514, 241728, 169776
895, 100080, 69527, 36818, 24121, 177342, 120406, 241728, 169596
896, 100080, 69513, 36818, 24074, 177342, 120293, 241728, 169420
897, 100080, 69509, 36818, 24039, 177342, 120220, 241728, 169292
898, 100080, 69499, 36818, 24003, 177342, 120135, 241728, 169147
899, 100080, 69491, 36818, 23949, 177342, 120002, 241728, 168943
900, 100080, 69478, 35465, 23889, 173547, 119863, 235648, 168730
901, 100080, 69466, 35465, 23845, 173547, 119748, 235648, 168550
902, 100080, 69458, 35465, 23786, 173547, 119600, 235648, 168327
903, 100080, 69447, 35465, 23728, 173547, 119485, 235648, 168135
904, 100080, 69428, 35465, 23665, 173547, 119330, 235648, 167892
905, 100080, 69415, 35465, 23606, 173547, 119196, 235648, 167684
906, 100080, 69408, 35465, 23559, 173547, 119055, 235648, 167479
907, 100080, 69398, 35465, 23500, 173547, 118889, 235648, 167229
908, 100080, 69389, 35465, 23447, 173547, 118760, 235648, 167032
909, 100080, 69375, 35465, 23382, 173547, 118589, 235648, 166776
910, 100080, 69372, 35465, 23350, 173547, 118508, 235648, 166649
911, 100080, 69364, 35465, 23303, 173547, 118395, 235648, 166478
912, 100080, 69351, 35465, 23223, 173547, 118210, 235648, 166200
913, 100080, 69346, 35465, 23175, 173547, 118103, 235648, 166024
914, 100080, 69341, 35465, 23129, 173547, 117975, 235648, 165838
915, 100080, 69326, 35465, 23075, 173547, 117834, 235648, 165626
916, 100080, 69305, 35465, 23023, 173547, 117679, 235648, 165396
917, 100080, 69297, 35465, 22976, 173547, 117566, 235648, 165219
918, 100080, 69279, 35465, 22935, 173547, 117463, 235648, 165058
919, 100080, 69265, 35465, 22882, 173547, 117309, 235648, 164825
920, 100080, 69254, 33989, 22836, 169587, 117219, 229504, 164673
921, 100080, 69244, 33989, 22783, 169587, 117116, 229504, 164500
922, 100080, 69232, 33989, 22738, 169587, 117013, 229504, 164329
923, 100080, 69223, 33989, 22686, 169587, 116898, 229504, 164140
924, 100080, 69215, 33989, 22646, 169587, 116801, 229504, 163983
925, 100080, 69205, 33989, 22596, 169587, 116684, 229504, 163796
926, 100080, 69191, 33989, 22551, 169587, 116566, 229504, 163612
927, 100080, 69179, 33989, 22503, 169587, 116444, 229504, 163430
928, 100080, 69170, 33989, 22463, 169587, 116359, 229504, 163291
929, 100080, 69164, 33989, 22432, 169587, 116281, 229504, 163164
930, 100080, 69146, 33989, 22384, 169587, 116143, 229504, 162960
931, 100080, 69140, 33989, 22353, 169587, 116085, 229504, 162852
932, 100080, 69132, 33989, 22319, 169587, 116006, 229504, 162727
933, 100080, 69123, 33989, 22260, 169587, 115874, 229504, 162522
934, 100080, 69109, 33989, 22205, 169587, 115748, 229504, 162324
935, 100080, 69101, 33989, 22169, 169587, 115656, 229504, 162181
936, 100080, 69084, 33989, 22117, 169587, 115519, 229504, 161980
937, 100080, 69069, 33989, 22065, 169587, 115395, 229504, 161785
938, 100080, 69060, 33989, 22009, 169587, 115258, 229504, 161576
939, 100080, 69048, 33989, 21963, 169587, 115133, 229504, 161389
940, 100080, 69038, 32431, 21921, 166056, 115041, 224832, 161237
941, 100080, 69028, 32431, 21879, 166056, 114954, 224832, 161097
942, 100080, 69014, 32431, 21807, 166056, 114790, 224832, 160846
943, 100080, 69004, 32431, 21768, 166056, 114696, 224832, 160697
944, 100080, 68993, 32431, 21713, 166056, 114568, 224832, 160499
945, 100080, 68985, 32431, 21683, 166056, 114501, 224832, 160387
946, 100080, 68975, 32431, 21635, 166056, 114385, 224832, 160209
947, 100080, 68964, 32431, 21605, 166056, 114322, 224832, 160102
948, 100080, 68956, 32431, 21579, 166056, 114262, 224832, 159999
949, 100080, 68949, 32431, 21533, 166056, 114144, 224832, 159825
950, 100080, 68941, 32431, 21508, 166056, 114080, 224832, 159721
951, 100080, 68933, 32431, 21457, 166056, 113961, 224832, 159536
952, 100080, 68926, 32431, 21423, 166056, 113887, 224832, 159413
953, 100080, 68914, 32431, 21381, 166056, 113767, 224832, 159241
954, 100080, 68904, 32431, 21335, 166056, 113661, 224832, 159073
955, 100080, 68894, 32431, 21277, 166056, 113537, 224832, 158869
956, 100080, 68887, 32431, 21238, 166056, 113450, 224832, 158734
957, 100080, 68879, 32431, 21196, 166056, 113355, 224832, 158589
958, 100080, 68870, 32431, 21161, 166056, 113253, 224832, 158434
959, 100080, 68864, 32431, 21121, 166056, 113146, 224832, 158278
960, 100080, 68855, 31078, 21085, 163152, 113054, 220864, 158129
961, 100080, 68844, 31078, 21044, 163152, 112959, 220864, 157976
962, 100080, 68836, 31078, 20991, 163152, 112849, 220864, 157803
963, 100080, 68827, 31078, 20956, 163152, 112752, 220864, 157661
964, 100080, 68819, 31078, 20929, 163152, 112687, 220864, 157553
965, 100080, 68811, 31078, 20898, 163152, 112604, 220864, 157423
966, 100080, 68803, 31078, 20864, 163152, 112520, 220864, 157294
967, 100080, 68791, 31078, 20806, 163152, 112394, 220864, 157102
968, 100080, 68783, 31078, 20783, 163152, 112346, 220864, 157013
969, 100080, 68771, 31078, 20741, 163152, 112256, 220864, 156863
970, 100080, 68763, 31078, 20695, 163152, 112134, 220864, 156677
971, 100080, 68756, 31078, 20666, 163152, 112042, 220864, 156538
972, 100080, 68746, 31078, 20637, 163152, 111978, 220864, 156434
973, 100080, 68734, 31078, 20612, 163152, 111912, 220864, 156322
974, 100080, 68727, 31078, 20567, 163152, 111810, 220864, 156155
975, 100080, 68719, 31078, 20535, 163152, 111717, 220864, 156006
976, 100080, 68704, 31078, 20484, 163152, 111588, 220864, 155811
977, 100080, 68691, 31078, 20434, 163152, 111465, 220864, 155619
978, 100080, 68685, 31078, 20413, 163152, 111412, 220864, 155531
979, 100080, 68677, 31078, 20387, 163152, 111346, 220864, 155426
980, 100080, 68662, 30094, 20344, 160446, 111240, 217088, 155262
981, 100080, 68653, 30094, 20317, 160446, 111177, 217088, 155160
982, 100080, 68649, 30094, 20279, 160446, 111098, 217088, 155027
983, 100080, 68645, 30094, 20240, 160446, 110986, 217088, 154865
984, 100080, 68634, 30094, 20206, 160446, 110905, 217088, 154735
985, 100080, 68629, 30094, 20170, 160446, 110819, 217088, 154602
986, 100080, 68622, 30094, 20133, 160446, 110739, 217088, 154469
987, 100080, 68612, 30094, 20099, 160446, 110652, 217088, 154333
988, 100080, 68604, 30094, 20057, 160446, 110549, 217088, 154176
989, 100080, 68602, 30094, 20026, 160446, 110469, 217088, 154057
990, 100080, 68596, 30094, 19983, 160446, 110348, 217088, 153883
991, 100080, 68586, 30094, 19954, 160446, 110279, 217088, 153771
992, 100080, 68574, 30094, 19925, 160446, 110203, 217088, 153655
993, 100080, 68563, 30094, 19895, 160446, 110121, 217088, 153531
994, 100080, 68549, 30094, 19859, 160446, 110023, 217088, 153376
995, 100080, 68542, 30094, 19832, 160446, 109938, 217088, 153248
996, 100080, 68533, 30094, 19793, 160446, 109835, 217088, 153093
997, 100080, 68521, 30094, 19757, 160446, 109739, 217088, 152949
998, 100080, 68509, 30094, 19715, 160446, 109636, 217088, 152784
999, 100080, 68504, 30094, 19680, 160446, 109538, 217088, 152635
1000, 100080, 68492, 28987, 19643, 157509, 109444, 213376, 152493
1001, 100080, 68488, 28987, 19605, 157509, 109344, 213376, 152348
1002, 100080, 68479, 28987, 19575, 157509, 109272, 213376, 152239
1003, 100080, 68466, 28987, 19529, 157509, 109191, 213376, 152096
1004, 100080, 68459, 28987, 19485, 157509, 109112, 213376, 151966
1005, 100080, 68447, 28987, 19448, 157509, 109033, 213376, 151834
1006, 100080, 68439, 28987, 19422, 157509, 108953, 213376, 151722
1007, 100080, 68436, 28987, 19394, 157509, 108872, 213376, 151604
1008, 100080, 68429, 28987, 19353, 157509, 108749, 213376, 151436
1009, 100080, 68418, 28987, 19311, 157509, 108638, 213376, 151267
1010, 100080, 68408, 28987, 19282, 157509, 108578, 213376, 151163
1011, 100080, 68402, 28987, 19254, 157509, 108517, 213376, 151058
1012, 100080, 68395, 28987, 19202, 157509, 108386, 213376, 150864
1013, 100080, 68387, 28987, 19171, 157509, 108321, 213376, 150757
1014, 100080, 68377, 28987, 19141, 157509, 108239, 213376, 150631
1015, 100080, 68370, 28987, 19105, 157509, 108146, 213376, 150490
1016, 100080, 68363, 28987, 19059, 157509, 108035, 213376, 150323
1017, 100080, 68349, 28987, 19023, 157509, 107947, 213376, 150186
1018, 100080, 68341, 28987, 18978, 157509, 107824, 213376, 150001
1019, 100080, 68332, 28987, 18940, 157509, 107723, 213376, 149848
1020, 100080, 68326, 27880, 18918, 155166, 107658, 209920, 149747
1021, 100080, 68317, 27880, 18896, 155166, 107611, 209920, 149666
1022, 100080, 68308, 27880, 18863, 155166, 107532, 209920, 149541
1023, 100080, 68304, 27880, 18843, 155166, 107492, 209920, 149471
1024, 100080, 68298, 27880, 18819, 155166, 107441, 209920, 149382
1025, 100080, 68294, 27880, 18786, 155166, 107367, 209920, 149262
1026, 100080, 68282, 27880, 18760, 155166, 107311, 209920, 149163
1027, 100080, 68275, 27880, 18728, 155166, 107237, 209920, 149044
1028, 100080, 68268, 27880, 18698, 155166, 107162, 209920, 148926
1029, 100080, 68263, 27880, 18676, 155166, 107086, 209920, 148820
1030, 100080, 68253, 27880, 18631, 155166, 106996, 209920, 148671
1031, 100080, 68242, 27880, 18591, 155166, 106901, 209920, 148525
1032, 100080, 68235, 27880, 18559, 155166, 106835, 209920, 148419
1033, 100080, 68225, 27880, 18518, 155166, 106746, 209920, 148282
1034, 100080, 68220, 27880, 18494, 155166, 106672, 209920, 148174
1035, 100080, 68212, 27880, 18469, 155166, 106606, 209920, 148072
1036, 100080, 68203, 27880, 18442, 155166, 106541, 209920, 147969
1037, 100080, 68194, 27880, 18409, 155166, 106433, 209920, 147817
1038, 100080, 68186, 27880, 18383, 155166, 106362, 209920, 147702
1039, 100080, 68177, 27880, 18364, 155166, 106308, 209920, 147613
1040, 100080, 68166, 27101, 18338, 153252, 106249, 207040, 147508
1041, 100080, 68161, 27101, 18319, 153252, 106187, 207040, 147419
1042, 100080, 68157, 27101, 18292, 153252, 106105, 207040, 147302
1043, 100080, 68152, 27101, 18269, 153252, 106044, 207040, 147208
1044, 100080, 68143, 27101, 18238, 153252, 105967, 207040, 147084
1045, 100080, 68136, 27101, 18219, 153252, 105908, 207040, 146995
1046, 100080, 68125, 27101, 18188, 153252, 105822, 207040, 146863
1047, 100080, 68113, 27101, 18155, 153252, 105728, 207040, 146722
1048, 100080, 68107, 27101, 18131, 153252, 105658, 207040, 146620
1049, 100080, 68098, 27101, 18108, 153252, 105596, 207040, 146517
1050, 100080, 68085, 27101, 18076, 153252, 105496, 207040, 146376
1051, 100080, 68076, 27101, 18042, 153252, 105388, 207040, 146217
1052, 100080, 68066, 27101, 18014, 153252, 105311, 207040, 146098
1053, 100080, 68058, 27101, 17992, 153252, 105254, 207040, 146005
1054, 100080, 68048, 27101, 17971, 153252, 105213, 207040, 145930
1055, 100080, 68044, 27101, 17943, 153252, 105153, 207040, 145832
1056, 100080, 68032, 27101, 17917, 153252, 105074, 207040, 145714
1057, 100080, 68022, 27101, 17888, 153252, 105003, 207040, 145600
1058, 100080, 68010, 27101, 17858, 153252, 104931, 207040, 145490
1059, 100080, 68009, 27101, 17834, 153252, 104867, 207040, 145394
1060, 100080, 68003, 26199, 17808, 150942, 104787, 204672, 145277
1061, 100080, 67992, 26199, 17781, 150942, 104720, 204672, 145174
1062, 100080, 67985, 26199, 17747, 150942, 104644, 204672, 145055
1063, 100080, 67975, 26199, 17714, 150942, 104590, 204672, 144961
1064, 100080, 67964, 26199, 17687, 150942, 104494, 204672, 144826
1065, 100080, 67958, 26199, 17663, 150942, 104426, 204672, 144727
1066, 100080, 67953, 26199, 17642, 150942, 104386, 204672, 144654
1067, 100080, 67944, 26199, 17613, 150942, 104312, 204672, 144539
1068, 100080, 67933, 26199, 17591, 150942, 104255, 204672, 144444
1069, 100080, 67929, 26199, 17570, 150942, 104199, 204672, 144357
1070, 100080, 67921, 26199, 17537, 150942, 104130, 204672, 144250
1071, 100080, 67916, 26199, 17518, 150942, 104086, 204672, 144173
1072, 100080, 67909, 26199, 17492, 150942, 104002, 204672, 144054
1073, 100080, 67900, 26199, 17462, 150942, 103926, 204672, 143937
1074, 100080, 67891, 26199, 17437, 150942, 103850, 204672, 143824
1075, 100080, 67886, 26199, 17415, 150942, 103798, 204672, 143738
1076, 100080, 67884, 26199, 17382, 150942, 103726, 204672, 143626
1077, 100080, 67877, 26199, 17361, 150942, 103681, 204672, 143554
1078, 100080, 67872, 26199, 17332, 150942, 103608, 204672, 143443
1079, 100080, 67870, 26199, 17313, 150942, 103555, 204672, 143367
1080, 100080, 67861, 25502, 17286, 149391, 103485, 202048, 143255
1081, 100080, 67857, 25502, 17261, 149391, 103417, 202048, 143156
1082, 100080, 67851, 25502, 17234, 149391, 103361, 202048, 143066
1083, 100080, 67845, 25502, 17207, 149391, 103279, 202048, 142947
1084, 100080, 67839, 25502, 17187, 149391, 103231, 202048, 142864
1085, 100080, 67835, 25502, 17167, 149391, 103178, 202048, 142785
1086, 100080, 67830, 25502, 17140, 149391, 103114, 202048, 142683
1087, 100080, 67820, 25502, 17106, 149391, 103040, 202048, 142567
1088, 100080, 67813, 25502, 17089, 149391, 103003, 202048, 142504
1089, 100080, 67803, 25502, 17072, 149391, 102965, 202048, 142436
1090, 100080, 67798, 25502, 17047, 149391, 102909, 202048, 142348
1091, 100080, 67786, 25502, 17014, 149391, 102825, 202048, 142219
1092, 100080, 67780, 25502, 16993, 149391, 102765, 202048, 142127
1093, 100080, 67771, 25502, 16970, 149391, 102699, 202048, 142027
1094, 100080, 67766, 25502, 16941, 149391, 102639, 202048, 141925
1095, 100080, 67758, 25502, 16913, 149391, 102567, 202048, 141814
1096, 100080, 67754, 25502, 16893, 149391, 102510, 202048, 141726
1097, 100080, 67751, 25502, 16873, 149391, 102469, 202048, 141658
1098, 100080, 67747, 25502, 16844, 149391, 102398, 202048, 141553
1099, 100080, 67743, 25502, 16822, 149391, 102332, 202048, 141457
1100, 100080, 67736, 24846, 16793, 147840, 102268, 200128, 141357
1101, 100080, 67728, 24846, 16771, 147840, 102225, 200128, 141287
1102, 100080, 67724, 24846, 16759, 147840, 102202, 200128, 141239
1103, 100080, 67720, 24846, 16724, 147840, 102104, 200128, 141099
1104, 100080, 67712, 24846, 16701, 147840, 102038, 200128, 140996
1105, 100080, 67707, 24846, 16677, 147840, 101967, 200128, 140893
1106, 100080, 67704, 24846, 16666, 147840, 101935, 200128, 140840
1107, 100080, 67700, 24846, 16636, 147840, 101873, 200128, 140735
1108, 100080, 67694, 24846, 16614, 147840, 101807, 200128, 140638
1109, 100080, 67688, 24846, 16593, 147840, 101753, 200128, 140556
1110, 100080, 67686, 24846, 16576, 147840, 101711, 200128, 140492
1111, 100080, 67680, 24846, 16563, 147840, 101673, 200128, 140430
1112, 100080, 67672, 24846, 16541, 147840, 101605, 200128, 140330
1113, 100080, 67668, 24846, 16521, 147840, 101553, 200128, 140252
1114, 100080, 67658, 24846, 16504, 147840, 101518, 200128, 140193
1115, 100080, 67651, 24846, 16490, 147840, 101492, 200128, 140143
1116, 100080, 67646, 24846, 16473, 147840, 101448, 200128, 140072
1117, 100080, 67638, 24846, 16463, 147840, 101418, 200128, 140016
1118, 100080, 67632, 24846, 16442, 147840, 101362, 200128, 139930
1119, 100080, 67617, 24846, 16420, 147840, 101317, 200128, 139849
1120, 100080, 67614, 24190, 16403, 146751, 101281, 198528, 139788
1121, 100080, 67607, 24190, 16382, 146751, 101219, 198528, 139691
1122, 100080, 67604, 24190, 16360, 146751, 101160, 198528, 139599
1123, 100080, 67591, 24190, 16330, 146751, 101104, 198528, 139506
1124, 100080, 67580, 24190, 16304, 146751, 101038, 198528, 139402
1125, 100080, 67573, 24190, 16286, 146751, 100976, 198528, 139308
1126, 100080, 67568, 24190, 16270, 146751, 100938, 198528, 139240
1127, 100080, 67563, 24190, 16245, 146751, 100883, 198528, 139154
1128, 100080, 67553, 24190, 16218, 146751, 100825, 198528, 139060
1129, 100080, 67550, 24190, 16198, 146751, 100768, 198528, 138974
1130, 100080, 67540, 24190, 16177, 146751, 100700, 198528, 138876
1131, 100080, 67533, 24190, 16153, 146751, 100649, 198528, 138793
1132, 100080, 67527, 24190, 16132, 146751, 100601, 198528, 138716
1133, 100080, 67522, 24190, 16112, 146751, 100558, 198528, 138642
1134, 100080, 67518, 24190, 16091, 146751, 100511, 198528, 138567
1135, 100080, 67511, 24190, 16068, 146751, 100451, 198528, 138473
1136, 100080, 67506, 24190, 16047, 146751, 100386, 198528, 138381
1137, 100080, 67500, 24190, 16029, 146751, 100323, 198528, 138288
1138, 100080, 67495, 24190, 15990, 146751, 100244, 198528, 138166
1139, 100080, 67491, 24190, 15967, 146751, 100200, 198528, 138092
1140, 100080, 67482, 23575, 15947, 145068, 100151, 196736, 138010
1141, 100080, 67477, 23575, 15932, 145068, 100116, 196736, 137947
1142, 100080, 67472, 23575, 15919, 145068, 100076, 196736, 137887
1143, 100080, 67463, 23575, 15892, 145068, 100013, 196736, 137784
1144, 100080, 67458, 23575, 15874, 145068, 99955, 196736, 137702
1145, 100080, 67454, 23575, 15861, 145068, 99928, 196736, 137652
1146, 100080, 67446, 23575, 15839, 145068, 99864, 196736, 137557
1147, 100080, 67439, 23575, 15821, 145068, 99826, 196736, 137489
1148, 100080, 67430, 23575, 15791, 145068, 99741, 196736, 137360
1149, 100080, 67425, 23575, 15776, 145068, 99707, 196736, 137302
1150, 100080, 67423, 23575, 15752, 145068, 99661, 196736, 137222
1151, 100080, 67417, 23575, 15728, 145068, 99613, 196736, 137144
1152, 100080, 67414, 23575, 15713, 145068, 99585, 196736, 137094
1153, 100080, 67406, 23575, 15697, 145068, 99540, 196736, 137022
1154, 100080, 67397, 23575, 15666, 145068, 99480, 196736, 136924
1155, 100080, 67394, 23575, 15638, 145068, 99392, 196736, 136794
1156, 100080, 67390, 23575, 15606, 145068, 99294, 196736, 136661
1157, 100080, 67386, 23575, 15591, 145068, 99259, 196736, 136602
1158, 100080, 67377, 23575, 15572, 145068, 99212, 196736, 136522
1159, 100080, 67370, 23575, 15562, 145068, 99183, 196736, 136472
1160, 100080, 67365, 22960, 15540, 143583, 99143, 194432, 136400
1161, 100080, 67360, 22960, 15530, 143583, 99120, 194432, 136361
1162, 100080, 67354, 22960, 15515, 143583, 99074, 194432, 136296
1163, 100080, 67349, 22960, 15499, 143583, 99043, 194432, 136238
1164, 100080, 67345, 22960, 15471, 143583, 98932, 194432, 136094
1165, 100080, 67342, 22960, 15459, 143583, 98895, 194432, 136039
1166, 100080, 67334, 22960, 15444, 143583, 98861, 194432, 135980
1167, 100080, 67328, 22960, 15423, 143583, 98794, 194432, 135884
1168, 100080, 67326, 22960, 15414, 143583, 98766, 194432, 135843
1169, 100080, 67322, 22960, 15399, 143583, 98715, 194432, 135772
1170, 100080, 67319, 22960, 15376, 143583, 98644, 194432, 135667
1171, 100080, 67313, 22960, 15357, 143583, 98588, 194432, 135586
1172, 100080, 67309, 22960, 15330, 143583, 98496, 194432, 135460
1173, 100080, 67304, 22960, 15317, 143583, 98464, 194432, 135411
1174, 100080, 67298, 22960, 15298, 143583, 98417, 194432, 135341
1175, 100080, 67296, 22960, 15287, 143583, 98395, 194432, 135304
1176, 100080, 67288, 22960, 15268, 143583, 98354, 194432, 135237
1177, 100080, 67280, 22960, 15248, 143583, 98301, 194432, 135155
1178, 100080, 67274, 22960, 15226, 143583, 98255, 194432, 135077
1179, 100080, 67270, 22960, 15210, 143583, 98216, 194432, 135012
1180, 100080, 67262, 22591, 15198, 142296, 98190, 192960, 134964
1181, 100080, 67262, 22591, 15187, 142296, 98162, 192960, 134922
1182, 100080, 67260, 22591, 15172, 142296, 98132, 192960, 134874
1183, 100080, 67254, 22591, 15160, 142296, 98105, 192960, 134828
1184, 100080, 67253, 22591, 15145, 142296, 98060, 192960, 134761
1185, 100080, 67253, 22591, 15136, 142296, 98035, 192960, 134721
1186, 100080, 67249, 22591, 15120, 142296, 97986, 192960, 134650
1187, 100080, 67243, 22591, 15103, 142296, 97942, 192960, 134584
1188, 100080, 67239, 22591, 15092, 142296, 97921, 192960, 134547
1189, 100080, 67233, 22591, 15067, 142296, 97852, 192960, 134439
1190, 100080, 67223, 22591, 15056, 142296, 97818, 192960, 134377
1191, 100080, 67211, 22550, 15032, 142296, 97758, 192960, 134287
1192, 100080, 67204, 22550, 15020, 142296, 97717, 192960, 134224
1193, 100080, 67194, 22550, 14993, 142296, 97667, 192960, 134144
1194, 100080, 67191, 22550, 14979, 142296, 97619, 192960, 134076
1195, 100080, 67182, 22550, 14962, 142296, 97583, 192960, 134012
1196, 100080, 67176, 22550, 14952, 142296, 97564, 192960, 133976
1197, 100080, 67173, 22550, 14934, 142296, 97510, 192960, 133897
1198, 100080, 67169, 22550, 14921, 142296, 97474, 192960, 133841
1199, 100080, 67162, 22550, 14897, 142296, 97398, 192960, 133735
1200, 100080, 67157, 22181, 14884, 141042, 97370, 191552, 133690
1201, 100080, 67153, 22181, 14868, 141042, 97316, 191552, 133614
1202, 100080, 67151, 22181, 14855, 141042, 97288, 191552, 133564
1203, 100080, 67146, 22181, 14837, 141042, 97234, 191552, 133486
1204, 100080, 67139, 22181, 14816, 141042, 97180, 191552, 133405
1205, 100080, 67138, 22181, 14803, 141042, 97140, 191552, 133347
1206, 100080, 67134, 22181, 14795, 141042, 97120, 191552, 133314
1207, 100080, 67125, 22181, 14781, 141042, 97084, 191552, 133256
1208, 100080, 67121, 22181, 14769, 141042, 97053, 191552, 133207
1209, 100080, 67118, 22181, 14752, 141042, 97007, 191552, 133139
1210, 100080, 67114, 22181, 14739, 141042, 96982, 191552, 133092
1211, 100080, 67108, 22181, 14726, 141042, 96954, 191552, 133045
1212, 100080, 67107, 22181, 14715, 141042, 96930, 191552, 133007
1213, 100080, 67107, 22181, 14700, 141042, 96887, 191552, 132943
1214, 100080, 67103, 22181, 14687, 141042, 96855, 191552, 132889
1215, 100080, 67097, 22181, 14668, 141042, 96812, 191552, 132822
1216, 100080, 67094, 22181, 14650, 141042, 96756, 191552, 132743
1217, 100080, 67088, 22181, 14641, 141042, 96722, 191552, 132693
1218, 100080, 67086, 22181, 14629, 141042, 96703, 191552, 132655
1219, 100080, 67079, 22181, 14610, 141042, 96664, 191552, 132591
1220, 100080, 67079, 21730, 14597, 140151, 96633, 189952, 132544
1221, 100080, 67074, 21730, 14583, 140151, 96606, 189952, 132498
1222, 100080, 67068, 21730, 14566, 140151, 96565, 189952, 132431
1223, 100080, 67062, 21730, 14553, 140151, 96528, 189952, 132378
1224, 100080, 67059, 21730, 14533, 140151, 96462, 189952, 132284
1225, 100080, 67054, 21730, 14520, 140151, 96429, 189952, 132235
1226, 100080, 67050, 21730, 14514, 140151, 96415, 189952, 132207
1227, 100080, 67046, 21730, 14501, 140151, 96389, 189952, 132158
1228, 100080, 67039, 21730, 14485, 140151, 96351, 189952, 132096
1229, 100080, 67033, 21730, 14472, 140151, 96326, 189952, 132046
1230, 100080, 67027, 21730, 14457, 140151, 96295, 189952, 131994
1231, 100080, 67019, 21730, 14440, 140151, 96259, 189952, 131935
1232, 100080, 67016, 21730, 14428, 140151, 96236, 189952, 131897
1233, 100080, 67014, 21730, 14413, 140151, 96204, 189952, 131848
1234, 100080, 67008, 21730, 14395, 140151, 96159, 189952, 131778
1235, 100080, 67004, 21730, 14382, 140151, 96131, 189952, 131730
1236, 100080, 67000, 21730, 14366, 140151, 96090, 189952, 131667
1237, 100080, 66997, 21730, 14351, 140151, 96058, 189952, 131615
1238, 100080, 66993, 21730, 14329, 140151, 96013, 189952, 131543
1239, 100080, 66991, 21730, 14318, 140151, 95978, 189952, 131491
1240, 99984, 66982, 21279, 14292, 138963, 95882, 188928, 131364
1241, 99984, 66977, 21279, 14281, 138963, 95851, 188928, 131316
1242, 99984, 66972, 21279, 14265, 138963, 95812, 188928, 131252
1243, 99984, 66971, 21279, 14255, 138963, 95790, 188928, 131215
1244, 99984, 66968, 21279, 14245, 138963, 95765, 188928, 131178
1245, 99984, 66965, 21279, 14233, 138963, 95728, 188928, 131125
1246, 99984, 66964, 21279, 14226, 138963, 95711, 188928, 131098
1247, 99984, 66962, 21279, 14213, 138963, 95677, 188928, 131042
1248, 99984, 66957, 21279, 14200, 138963, 95640, 188928, 130985
1249, 99984, 66955, 21279, 14190, 138963, 95612, 188928, 130940
1250, 99984, 66947, 21279, 14174, 138963, 95577, 188928, 130885
1251, 99984, 66947, 21279, 14165, 138963, 95558, 188928, 130855
1252, 99984, 66943, 21279, 14154, 138963, 95527, 188928, 130804
1253, 99984, 66938, 21279, 14137, 138963, 95473, 188928, 130722
1254, 99984, 66935, 21279, 14129, 138963, 95463, 188928, 130698
1255, 99984, 66928, 21279, 14120, 138963, 95442, 188928, 130658
1256, 99984, 66924, 21279, 14106, 138963, 95397, 188928, 130596
1257, 99984, 66918, 21279, 14093, 138963, 95358, 188928, 130534
1258, 99984, 66914, 21279, 14072, 138963, 95308, 188928, 130456
1259, 99984, 66910, 21279, 14060, 138963, 95275, 188928, 130407
1260, 99984, 66906, 20992, 14045, 137940, 95248, 188032, 130365
1261, 99984, 66903, 20992, 14034, 137940, 95205, 188032, 130305
1262, 99984, 66900, 20992, 14025, 137940, 95165, 188032, 130253
1263, 99984, 66895, 20992, 14004, 137940, 95118, 188032, 130180
1264, 99984, 66891, 20992, 13991, 137940, 95092, 188032, 130135
1265, 99984, 66885, 20992, 13978, 137940, 95055, 188032, 130081
1266, 99984, 66882, 20992, 13963, 137940, 95019, 188032, 130024
1267, 99984, 66880, 20992, 13947, 137940, 94967, 188032, 129953
1268, 99984, 66879, 20992, 13939, 137940, 94941, 188032, 129914
1269, 99984, 66874, 20992, 13929, 137940, 94912, 188032, 129875
1270, 99984, 66871, 20992, 13913, 137940, 94872, 188032, 129810
1271, 99984, 66864, 20992, 13897, 137940, 94830, 188032, 129742
1272, 99984, 66859, 20992, 13885, 137940, 94800, 188032, 129694
1273, 99984, 66858, 20992, 13869, 137940, 94769, 188032, 129642
1274, 99984, 66854, 20992, 13853, 137940, 94743, 188032, 129595
1275, 99984, 66850, 20992, 13847, 137940, 94724, 188032, 129567
1276, 99984, 66842, 20992, 13829, 137940, 94675, 188032, 129491
1277, 99984, 66838, 20992, 13815, 137940, 94641, 188032, 129437
1278, 99984, 66837, 20992, 13803, 137940, 94610, 188032, 129391
1279, 99984, 66831, 20992, 13794, 137940, 94579, 188032, 129346
1280, 99984, 66827, 20541, 13788, 137082, 94561, 186624, 129317
1281, 99984, 66823, 20541, 13778, 137082, 94532, 186624, 129274
1282, 99984, 66817, 20541, 13762, 137082, 94489, 186624, 129210
1283, 99984, 66809, 20500, 13741, 137082, 94431, 186624, 129126
1284, 99984, 66807, 20500, 13728, 137082, 94393, 186624, 129064
1285, 99984, 66801, 20500, 13719, 137082, 94381, 186624, 129035
1286, 99984, 66798, 20500, 13711, 137082, 94363, 186624, 129004
1287, 99984, 66796, 20500, 13706, 137082, 94352, 186624, 128980
1288, 99984, 66792, 20500, 13690, 137082, 94307, 186624, 128915
1289, 99984, 66785, 20500, 13672, 137082, 94269, 186624, 128851
1290, 99984, 66781, 20500, 13659, 137082, 94240, 186624, 128800
1291, 99984, 66779, 20500, 13646, 137082, 94206, 186624, 128749
1292, 99984, 66778, 20500, 13634, 137082, 94168, 186624, 128695
1293, 99984, 66772, 20500, 13623, 137082, 94141, 186624, 128653
1294, 99984, 66772, 20500, 13612, 137082, 94125, 186624, 128621
1295, 99984, 66766, 20500, 13597, 137082, 94086, 186624, 128564
1296, 99984, 66761, 20500, 13583, 137082, 94048, 186624, 128505
1297, 99984, 66755, 20500, 13570, 137082, 94015, 186624, 128457
1298, 99984, 66753, 20500, 13558, 137082, 93982, 186624, 128403
1299, 99984, 66751, 20500, 13554, 137082, 93970, 186624, 128381
1300, 99984, 66741, 20213, 13536, 136257, 93930, 185280, 128312
1301, 99984, 66737, 20213, 13520, 136257, 93864, 185280, 128226
1302, 99984, 66730, 20213, 13505, 136257, 93814, 185280, 128157
1303, 99984, 66729, 20213, 13498, 136257, 93794, 185280, 128126
1304, 99984, 66725, 20213, 13484, 136257, 93765, 185280, 128079
1305, 99984, 66723, 20213, 13474, 136257, 93740, 185280, 128040
1306, 99984, 66716, 20213, 13465, 136257, 93721, 185280, 128007
1307, 99984, 66711, 20213, 13450, 136257, 93670, 185280, 127936
1308, 99984, 66708, 20213, 13443, 136257, 93655, 185280, 127911
1309, 99984, 66703, 20213, 13428, 136257, 93615, 185280, 127853
1310, 99984, 66698, 20213, 13418, 136257, 93577, 185280, 127801
1311, 99984, 66693, 20213, 13408, 136257, 93550, 185280, 127761
1312, 99984, 66691, 20213, 13401, 136257, 93534, 185280, 127736
1313, 99984, 66687, 20213, 13384, 136257, 93495, 185280, 127675
1314, 99984, 66686, 20213, 13378, 136257, 93479, 185280, 127647
1315, 99984, 66684, 20213, 13367, 136257, 93453, 185280, 127608
1316, 99984, 66683, 20213, 13360, 136257, 93434, 185280, 127577
1317, 99984, 66679, 20213, 13349, 136257, 93393, 185280, 127521
1318, 99984, 66674, 20213, 13339, 136257, 93368, 185280, 127479
1319, 99984, 66672, 20213, 13327, 136257, 93340, 185280, 127436
1320, 99984, 66670, 19926, 13318, 135597, 93320, 184128, 127405
1321, 99984, 66667, 19926, 13310, 135597, 93298, 184128, 127372
1322, 99984, 66665, 19926, 13296, 135597, 93260, 184128, 127317
1323, 99984, 66658, 19926, 13274, 135597, 93174, 184128, 127207
1324, 99984, 66653, 19926, 13254, 135597, 93116, 184128, 127123
1325, 99984, 66649, 19926, 13238, 135597, 93051, 184128, 127033
1326, 99984, 66647, 19926, 13223, 135597, 93013, 184128, 126979
1327, 99984, 66640, 19926, 13204, 135597, 92957, 184128, 126897
1328, 99984, 66639, 19926, 13196, 135597, 92940, 184128, 126868
1329, 99984, 66636, 19926, 13193, 135597, 92923, 184128, 126844
1330, 99984, 66633, 19926, 13179, 135597, 92899, 184128, 126803
1331, 99984, 66627, 19926, 13163, 135597, 92869, 184128, 126754
1332, 99984, 66621, 19926, 13152, 135597, 92847, 184128, 126714
1333, 99984, 66618, 19926, 13134, 135597, 92781, 184128, 126627
1334, 99984, 66616, 19926, 13125, 135597, 92744, 184128, 126576
1335, 99984, 66612, 19926, 13112, 135597, 92710, 184128, 126525
1336, 99984, 66609, 19926, 13103, 135597, 92680, 184128, 126480
1337, 99984, 66605, 19926, 13091, 135597, 92645, 184128, 126432
1338, 99984, 66602, 19926, 13083, 135597, 92615, 184128, 126388
1339, 99984, 66601, 19926, 13074, 135597, 92600, 184128, 126361
1340, 99888, 66598, 19516, 13060, 134508, 92565, 182976, 126305
1341, 99888, 66594, 19516, 13053, 134508, 92555, 182976, 126278
1342, 99888, 66589, 19516, 13042, 134508, 92529, 182976, 126237
1343, 99888, 66585, 19516, 13032, 134508, 92503, 182976, 126195
1344, 99888, 66582, 19516, 13026, 134508, 92482, 182976, 126162
1345, 99888, 66578, 19516, 13011, 134508, 92428, 182976, 126086
1346, 99888, 66576, 19516, 13004, 134508, 92410, 182976, 126059
1347, 99888, 66575, 19516, 12992, 134508, 92375, 182976, 126008
1348, 99888, 66574, 19516, 12981, 134508, 92345, 182976, 125960
1349, 99888, 66571, 19516, 12966, 134508, 92316, 182976, 125912
1350, 99888, 66569, 19516, 12961, 134508, 92304, 182976, 125890
1351, 99888, 66566, 19516, 12955, 134508, 92288, 182976, 125862
1352, 99888, 66562, 19516, 12953, 134508, 92284, 182976, 125850
1353, 99888, 66558, 19516, 12942, 134508, 92250, 182976, 125801
1354, 99888, 66552, 19516, 12928, 134508, 92225, 182976, 125756
1355, 99888, 66549, 19516, 12916, 134508, 92195, 182976, 125713
1356, 99888, 66546, 19516, 12906, 134508, 92170, 182976, 125674
1357, 99888, 66542, 19516, 12897, 134508, 92134, 182976, 125624
1358, 99888, 66535, 19516, 12881, 134508, 92097, 182976, 125565
1359, 99888, 66533, 19516, 12871, 134508, 92083, 182976, 125535
1360, 99888, 66528, 19311, 12856, 133782, 92053, 181696, 125486
1361, 99888, 66523, 19311, 12850, 133782, 92041, 181696, 125463
1362, 99888, 66522, 19311, 12848, 133782, 92036, 181696, 125453
1363, 99888, 66518, 19311, 12837, 133782, 92006, 181696, 125411
1364, 99888, 66515, 19311, 12832, 133782, 91996, 181696, 125391
1365, 99888, 66512, 19311, 12822, 133782, 91966, 181696, 125349
1366, 99888, 66509, 19311, 12808, 133782, 91927, 181696, 125294
1367, 99888, 66505, 19311, 12798, 133782, 91906, 181696, 125260
1368, 99888, 66503, 19311, 12788, 133782, 91881, 181696, 125217
1369, 99888, 66501, 19311, 12776, 133782, 91844, 181696, 125165
1370, 99888, 66496, 19311, 12761, 133782, 91806, 181696, 125107
1371, 99888, 66495, 19311, 12753, 133782, 91782, 181696, 125073
1372, 99888, 66491, 19311, 12738, 133782, 91731, 181696, 125006
1373, 99888, 66489, 19311, 12725, 133782, 91710, 181696, 124968
1374, 99888, 66488, 19311, 12720, 133782, 91693, 181696, 124944
1375, 99888, 66486, 19311, 12713, 133782, 91668, 181696, 124909
1376, 99888, 66484, 19311, 12709, 133782, 91660, 181696, 124893
1377, 99888, 66479, 19311, 12694, 133782, 91625, 181696, 124839
1378, 99888, 66476, 19311, 12688, 133782, 91615, 181696, 124821
1379, 99888, 66474, 19311, 12682, 133782, 91600, 181696, 124798
1380, 99792, 66469, 19065, 12667, 133320, 91570, 180800, 124749
1381, 99792, 66466, 19065, 12658, 133320, 91545, 180800, 124712
1382, 99792, 66465, 19065, 12650, 133320, 91525, 180800, 124682
1383, 99792, 66464, 19065, 12643, 133320, 91507, 180800, 124651
1384, 99792, 66460, 19065, 12633, 133320, 91488, 180800, 124614
1385, 99792, 66455, 19065, 12617, 133320, 91464, 180800, 124568
1386, 99792, 66450, 19065, 12599, 133320, 91416, 180800, 124499
1387, 99792, 66449, 19065, 12582, 133320, 91369, 180800, 124433
1388, 99792, 66448, 19065, 12574, 133320, 91334, 180800, 124385
1389, 99792, 66448, 19065, 12569, 133320, 91308, 180800, 124351
1390, 99792, 66444, 19065, 12557, 133320, 91270, 180800, 124297
1391, 99792, 66440, 19065, 12546, 133320, 91239, 180800, 124252
1392, 99792, 66440, 19065, 12543, 133320, 91236, 180800, 124245
1393, 99792, 66437, 19065, 12529, 133320, 91187, 180800, 124178
1394, 99792, 66436, 19065, 12525, 133320, 91168, 180800, 124151
1395, 99792, 66434, 19065, 12519, 133320, 91145, 180800, 124119
1396, 99792, 66429, 19065, 12510, 133320, 91110, 180800, 124071
1397, 99792, 66422, 19065, 12492, 133320, 91069, 180800, 124008
1398, 99792, 66415, 19065, 12482, 133320, 91038, 180800, 123961
1399, 99792, 66412, 19065, 12468, 133320, 91007, 180800, 123913
1400, 99792, 66408, 18778, 12455, 132462, 90973, 179456, 123863
1401, 99792, 66403, 18778, 12444, 132462, 90945, 179456, 123820
1402, 99792, 66400, 18778, 12436, 132462, 90927, 179456, 123787
1403, 99792, 66397, 18778, 12428, 132462, 90911, 179456, 123760
1404, 99792, 66393, 18778, 12414, 132462, 90876, 179456, 123707
1405, 99792, 66390, 18778, 12406, 132462, 90850, 179456, 123668
1406, 99792, 66384, 18778, 12398, 132462, 90825, 179456, 123630
1407, 99792, 66380, 18778, 12384, 132462, 90787, 179456, 123573
1408, 99792, 66376, 18778, 12377, 132462, 90770, 179456, 123545
1409, 99792, 66372, 18778, 12366, 132462, 90742, 179456, 123501
1410, 99792, 66371, 18778, 12358, 132462, 90720, 179456, 123466
1411, 99792, 66370, 18778, 12351, 132462, 90694, 179456, 123431
1412, 99792, 66368, 18778, 12340, 132462, 90654, 179456, 123375
1413, 99792, 66362, 18778, 12331, 132462, 90638, 179456, 123346
1414, 99792, 66358, 18778, 12323, 132462, 90620, 179456, 123316
1415, 99792, 66355, 18778, 12312, 132462, 90589, 179456, 123269
1416, 99792, 66353, 18778, 12309, 132462, 90582, 179456, 123255
1417, 99792, 66351, 18778, 12303, 132462, 90567, 179456, 123232
1418, 99792, 66348, 18778, 12295, 132462, 90542, 179456, 123194
1419, 99792, 66344, 18778, 12290, 132462, 90527, 179456, 123171
1420, 99792, 66343, 18614, 12282, 131604, 90501, 178432, 123130
1421, 99792, 66340, 18614, 12274, 131604, 90488, 178432, 123105
1422, 99792, 66339, 18614, 12259, 131604, 90450, 178432, 123051
1423, 99792, 66334, 18614, 12245, 131604, 90419, 178432, 123004
1424, 99792, 66331, 18614, 12242, 131604, 90409, 178432, 122986
1425, 99792, 66325, 18614, 12228, 131604, 90385, 178432, 122945
1426, 99792, 66321, 18614, 12223, 131604, 90371, 178432, 122923
1427, 99792, 66316, 18614, 12216, 131604, 90357, 178432, 122896
1428, 99792, 66312, 18614, 12199, 131604, 90305, 178432, 122824
1429, 99792, 66306, 18614, 12184, 131604, 90256, 178432, 122757
1430, 99792, 66303, 18614, 12178, 131604, 90240, 178432, 122731
1431, 99792, 66298, 18614, 12168, 131604, 90208, 178432, 122683
1432, 99792, 66297, 18614, 12164, 131604, 90196, 178432, 122661
1433, 99792, 66296, 18614, 12158, 131604, 90177, 178432, 122634
1434, 99792, 66291, 18614, 12149, 131604, 90148, 178432, 122595
1435, 99792, 66287, 18614, 12130, 131604, 90105, 178432, 122530
1436, 99792, 66285, 18614, 12119, 131604, 90081, 178432, 122491
1437, 99792, 66281, 18614, 12107, 131604, 90050, 178432, 122442
1438, 99792, 66279, 18614, 12098, 131604, 90031, 178432, 122407
1439, 99792, 66276, 18614, 12086, 131604, 89999, 178432, 122358
1440, 99792, 66270, 18245, 12077, 130845, 89979, 177408, 122324
1441, 99792, 66269, 18245, 12075, 130845, 89969, 177408, 122309
1442, 99792, 66266, 18245, 12070, 130845, 89962, 177408, 122291
1443, 99792, 66263, 18245, 12060, 130845, 89941, 177408, 122255
1444, 99792, 66261, 18245, 12050, 130845, 89918, 177408, 122217
1445, 99792, 66256, 18245, 12041, 130845, 89882, 177408, 122169
1446, 99792, 66252, 18245, 12034, 130845, 89855, 177408, 122131
1447, 99792, 66246, 18245, 12026, 130845, 89832, 177408, 122099
1448, 99792, 66243, 18245, 12014, 130845, 89800, 177408, 122050
1449, 99792, 66240, 18245, 12007, 130845, 89779, 177408, 122020
1450, 99792, 66239, 18245, 12001, 130845, 89771, 177408, 122003
1451, 99792, 66236, 18245, 11989, 130845, 89745, 177408, 121961
1452, 99792, 66234, 18245, 11977, 130845, 89717, 177408, 121918
1453, 99792, 66232, 18245, 11968, 130845, 89683, 177408, 121874
1454, 99792, 66230, 18245, 11966, 130845, 89675, 177408, 121861
1455, 99792, 66224, 18245, 11959, 130845, 89661, 177408, 121832
1456, 99792, 66219, 18245, 11949, 130845, 89624, 177408, 121782
1457, 99792, 66217, 18245, 11937, 130845, 89594, 177408, 121738
1458, 99792, 66214, 18245, 11930, 130845, 89568, 177408, 121702
1459, 99792, 66209, 18245, 11918, 130845, 89540, 177408, 121656
1460, 99792, 66205, 17917, 11907, 130152, 89507, 176384, 121609
1461, 99792, 66202, 17917, 11904, 130152, 89497, 176384, 121591
1462, 99792, 66199, 17917, 11898, 130152, 89477, 176384, 121561
1463, 99792, 66195, 17917, 11888, 130152, 89448, 176384, 121519
1464, 99792, 66195, 17917, 11887, 130152, 89443, 176384, 121512
1465, 99792, 66194, 17917, 11882, 130152, 89431, 176384, 121491
1466, 99792, 66191, 17917, 11868, 130152, 89379, 176384, 121422
1467, 99792, 66189, 17917, 11865, 130152, 89371, 176384, 121409
1468, 99792, 66186, 17917, 11857, 130152, 89356, 176384, 121383
1469, 99792, 66184, 17917, 11848, 130152, 89337, 176384, 121350
1470, 99792, 66180, 17917, 11840, 130152, 89319, 176384, 121320
1471, 99792, 66180, 17917, 11832, 130152, 89289, 176384, 121280
1472, 99792, 66175, 17917, 11826, 130152, 89279, 176384, 121259
1473, 99792, 66174, 17917, 11822, 130152, 89269, 176384, 121239
1474, 99792, 66171, 17917, 11817, 130152, 89254, 176384, 121216
1475, 99792, 66164, 17917, 11806, 130152, 89215, 176384, 121162
1476, 99792, 66158, 17917, 11797, 130152, 89196, 176384, 121131
1477, 99792, 66156, 17917, 11788, 130152, 89181, 176384, 121104
1478, 99792, 66155, 17917, 11775, 130152, 89148, 176384, 121054
1479, 99792, 66154, 17917, 11772, 130152, 89142, 176384, 121043
1480, 99696, 66153, 17671, 11770, 129690, 89138, 175552, 121033
1481, 99696, 66151, 17671, 11761, 129690, 89123, 175552, 121005
1482, 99696, 66149, 17671, 11752, 129690, 89099, 175552, 120969
1483, 99696, 66149, 17671, 11746, 129690, 89083, 175552, 120945
1484, 99696, 66146, 17671, 11737, 129690, 89061, 175552, 120909
1485, 99696, 66144, 17671, 11730, 129690, 89036, 175552, 120874
1486, 99696, 66142, 17671, 11727, 129690, 89032, 175552, 120863
1487, 99696, 66138, 17671, 11722, 129690, 89024, 175552, 120848
1488, 99696, 66137, 17671, 11710, 129690, 89000, 175552, 120808
1489, 99696, 66132, 17671, 11699, 129690, 88966, 175552, 120762
1490, 99696, 66129, 17671, 11690, 129690, 88943, 175552, 120725
1491, 99696, 66127, 17671, 11679, 129690, 88919, 175552, 120687
1492, 99696, 66125, 17671, 11667, 129690, 88875, 175552, 120629
1493, 99696, 66125, 17671, 11660, 129690, 88860, 175552, 120606
1494, 99696, 66122, 17671, 11651, 129690, 88835, 175552, 120571
1495, 99696, 66121, 17671, 11644, 129690, 88814, 175552, 120540
1496, 99696, 66118, 17671, 11638, 129690, 88792, 175552, 120504
1497, 99696, 66114, 17671, 11629, 129690, 88769, 175552, 120468
1498, 99696, 66111, 17671, 11621, 129690, 88738, 175552, 120428
1499, 99696, 66110, 17671, 11614, 129690, 88717, 175552, 120399
496747,31035
