21,2770803,41302,116405082,207136,246848,180727,202664
           22,2703083,41269,116405082,207136,242816,180727,202720
           23,2751904,41509,116405082,207136,243392,180727,204680
           24,2755651,41859,116405082,207136,241408,180727,204176
           25,2686181,41702,116405082,207136,252800,180727,205016
           26,2785051,41742,116405082,207136,245440,180727,206024
           27,2843266,41710,116405082,207136,242368,180727,205856
           28,2747303,42188,116405082,207136,241152,180727,207256
           29,2866913,42023,116405082,207136,242752,180727,206696
           30,2834892,42676,116405082,207136,241472,180727,208544
           31,2881492,42632,116405082,207136,241856,180727,208432
           32,2876576,42181,116405082,207136,243584,180727,209160
           33,2970090,42900,116405082,207136,241024,180727,209944
           34,2885200,42799,116405082,207136,241728,180727,210448
           35,2827064,42408,116405082,207136,249984,180727,210224
           36,2832035,42795,116405082,207136,242752,180727,211400
           37,2799048,43030,116405082,207136,243776,180727,213416
           38,2762905,42824,116405082,207136,242496,180727,211120
           39,2721628,42967,116405082,207136,248384,180727,211120
           40,2759647,42970,116405082,207136,244672,180727,214592
           41,2731803,43493,116405082,207136,241664,180727,215040
           42,2619073,42952,116405082,207136,243264,180727,212016
           43,2525936,43082,116405082,207136,251520,180727,214032
           44,2509926,43405,116405082,207136,246848,180727,215264
           45,2611170,43569,116405082,207136,246080,180727,214144
           46,2582354,43454,116405082,207136,251712,180727,212744
           47,2508180,43630,116405082,207136,242496,180727,213136
           48,2440363,43562,116405082,207136,253632,180727,211904
           49,2329784,43777,116405082,207136,244160,180727,214368
           50,2409207,44119,116405082,207136,242112,180727,214032
           51,2380464,43928,116405082,207136,241792,180727,213808
           52,2362202,43788,116405082,207136,242368,180727,213192
           53,2325792,44242,116405082,207136,241408,180727,212800
           54,2295963,44502,116405082,207136,241408,180727,212912
           55,2246678,44606,116405082,207136,241088,180727,214256
           56,2218633,44675,116405082,207136,243264,180727,214088
           57,2212656,44917,116405082,207136,250496,180727,214200
           58,2186898,44928,116405082,207136,248896,180727,213920
           59,2171969,44998,116405082,207136,243520,180727,214088
           60,2178675,44915,116405082,207136,241984,180727,213976
           61,2178089,45426,116405082,207136,241536,180727,213584
           62,2182967,45459,116405082,207136,250048,180727,213192
           63,2185864,45592,116405082,207136,244096,180727,213864
           64,2183490,45662,116405082,207136,240960,180727,214928
           65,2187752,46033,116405082,207136,242368,180727,213696
           66,2194171,45930,116405082,207136,245568,180727,214312
           67,2189480,45911,116405082,207136,243392,180727,214536
           68,2194939,46120,116405082,207136,243968,180727,213472
           69,2192348,46402,116405082,207136,252800,180727,214088
           70,2183065,46532,116405082,207136,251200,180727,214256
           71,2198297,46508,116405082,207136,244672,180727,214424
           72,2191366,46953,116405082,207136,242496,180727,214984
           73,2202222,47330,116405082,207136,249216,180727,213752
           74,2205704,47023,116405082,207136,245888,180727,213472
           75,2187920,47085,116405082,207136,245632,180727,214760
           76,2203511,46988,116405082,207136,241408,180727,214872
           77,2190630,47270,116405082,207136,243136,180727,214256
           78,2194543,47529,116405082,207136,245952,180727,213808
           79,2188473,47567,116405082,207136,242944,180727,213696
           80,2201132,47587,116405082,207136,244800,180727,214536
           81,2195921,47888,116405082,207136,243968,180727,214480
           82,2193074,48134,116405082,207136,245440,180727,214760
           83,2201406,48015,116405082,207136,243392,180727,213752
           84,2195070,47925,116405082,207136,246592,180727,214032
           85,2193632,48185,116405082,207136,247232,180727,214592
           86,2198512,48528,116405082,207136,244352,180727,214368
           87,2193652,48361,116405082,207136,245312,180727,213920
           88,2209421,48475,116405082,207136,246528,180727,214144
           89,2215355,49051,116405082,207136,241472,180727,213752
           90,2197560,48952,116405082,207136,250624,180727,214648
           91,2204233,48967,116405082,207136,242816,180727,214032
           92,2200851,49062,116405082,207136,243776,180727,214368
           93,2195135,49265,116405082,207136,245760,180727,214816
           94,2212469,49735,116405082,207136,240960,180727,214760
           95,2209400,49512,116405082,207136,245312,180727,214256
           96,2207671,49529,116405082,207136,249600,180727,213304
           97,2199070,49653,116405082,207136,244864,180727,214368
           98,2223451,50138,116405082,207136,241856,180727,214368
           99,2226473,49951,116405082,207136,252288,180727,213976
           100,2217325,50101,116405082,207136,245568,180727,213192
           101,2224063,50460,116405082,207136,245504,180727,213920
           102,2211919,50405,116405082,207136,241280,180727,214592
           103,2222156,50614,116405082,207136,251008,180727,213696
           104,2221127,50537,116405082,207136,241600,180727,214760
           105,2230652,50843,116405082,207136,240896,180727,214200
           106,2222809,50877,116405082,207136,243072,180727,213864
           107,2219641,51019,116405082,207136,245184,180727,213192
           108,2234674,51128,116405082,207136,242688,180727,213920
           109,2231562,51407,116405082,207136,245888,180727,213864
           110,2223876,51368,116405082,207136,245824,180727,213808
           111,2223168,51490,116405082,207136,244224,180727,214592
           112,2234517,51861,116405082,207136,242176,180727,214032
           113,2226460,51809,116405082,207136,243136,180727,214592
           114,2230798,52080,116405082,207136,242752,180727,213976
           115,2228162,52062,116405082,207136,244992,180727,214424
           116,2242298,52347,116405082,207136,241856,180727,213416
           117,2224878,52381,116405082,207136,252160,180727,214424
           118,2242026,52672,116405082,207136,258944,180727,214480
           119,2243390,52616,116405082,207136,243136,180727,214648
           120,2239517,52699,116405082,207136,252352,180727,214704
           121,2236243,52749,116405082,207136,241472,180727,214088
           122,2248388,52938,116405082,207136,244800,180727,214648
           123,2281961,52828,116405082,207136,249408,180727,213304
           124,2311771,53070,116405082,207136,245120,180727,214368
           125,2296260,53276,116405082,207136,255488,180727,214424
           126,2296241,53381,116405082,207136,246848,180727,214312
           127,2292962,53631,116405082,207136,248256,180727,214648
           128,2310428,54051,116405082,207136,240960,180727,213864
           129,2297227,54418,116405082,207136,248960,180727,214144
           130,2300165,54369,116405082,207136,251456,180727,214592
           131,2307660,54360,116405082,207136,241984,180727,213976
           132,2306820,54328,116405082,207136,243136,180727,214480
           133,2316324,54598,116405082,207136,245824,180727,213752
           134,2305046,54684,116405082,207136,247040,180727,213696
           135,2302309,54842,116405082,207136,245696,180727,214256
           136,2307587,54713,116405082,207136,246656,180727,214144
           137,2289027,55207,116405082,207136,243136,180727,214816
           138,2306223,55240,116405082,207136,245440,180727,213528
           139,2304055,55430,116405082,207136,241024,180727,214032
           140,2317912,55352,116405082,207136,243264,180727,213864
           141,2306034,55813,116405082,207136,251072,180727,213472
           142,2304513,55821,116405082,207136,241408,180727,214928
           143,2317492,55916,116405082,207136,248128,180727,214424
           144,2313929,55680,116405082,207136,252288,180727,214424
           145,2313432,56257,116405082,207136,254976,180727,213808
           146,2322477,56279,116405082,207136,241536,180727,213752
           147,2303220,56386,116405082,207136,241088,180727,214760
           148,2313628,56552,116405082,207136,242944,180727,214928
           149,2309145,56826,116405082,207136,245568,180727,213472
           150,2308295,56847,116405082,207136,245440,180727,213640
           151,2309882,56896,116405082,207136,242368,180727,214088
           152,2316781,57053,116405082,207136,248832,180727,213976
           153,2313052,57473,116405082,207136,246528,180727,214648
           154,2315895,57577,116405082,207136,242496,180727,214312
           155,2308387,57299,116405082,207136,245504,180727,214648
           156,2306088,57453,116405082,207136,246848,180727,213640
           157,2313169,57945,116405082,207136,248256,180727,213752
           158,2326024,58132,116405082,207136,241344,180727,213976
           159,2311984,57894,116405082,207136,243712,180727,213584
           160,2310244,57837,116405082,207136,247232,180727,214424
           161,2310829,58363,116405082,207136,244352,180727,213920
           162,2325851,58311,116405082,207136,244224,180727,213864
           163,2315593,58495,116405082,207136,245696,180727,213080
           164,2309987,58414,116405082,207136,244608,180727,214312
           165,2320017,58740,116405082,207136,245504,180727,214424
           166,2317568,58901,116405082,207136,247168,180727,214200
           167,2320735,59081,116405082,207136,244352,180727,214032
           168,2309811,58780,116405082,207136,245696,180727,213976
           169,2318552,59253,116405082,207136,242496,180727,214592
           170,2323072,59346,116405082,207136,247872,180727,214704
           171,2326601,59549,116405082,207136,245120,180727,214200
           172,2331019,59312,116405082,207136,245568,180727,214032
           173,2323303,59824,116405082,207136,243392,180727,214200
           174,2322644,59787,116405082,207136,244736,180727,214536
           175,2332049,60056,116405082,207136,244928,180727,213808
           176,2331271,60101,116405082,207136,249472,180727,214200
           177,2324039,60285,116405082,207136,241280,180727,214256
           178,2335543,60425,116405082,207136,249728,180727,213528
           179,2328992,60372,116405082,207136,244928,180727,214760
           180,2321383,60412,116405082,207136,245376,180727,214368
           181,2338614,60878,116405082,207136,243840,180727,214256
           182,2336216,60952,116405082,207136,243968,180727,214536
           183,2341140,60976,116405082,207136,243648,180727,214312
           184,2336246,60971,116405082,207136,254976,180727,213752
           185,2333500,61512,116405082,207136,245888,180727,215264
           186,2330032,61390,116405082,207136,246016,180727,214312
           187,2344703,61636,116405082,207136,245504,180727,213920
           188,2330259,61694,116405082,207136,245312,180727,214928
           189,2326472,61977,116405082,207136,250176,180727,213920
           190,2345185,62026,116405082,207136,259392,180727,213360
           191,2343580,62068,116405082,207136,241920,180727,214984
           192,2341722,62313,116405082,207136,243776,180727,214648
           193,2348961,62601,116405082,207136,243904,180727,213416
           194,2339163,62447,116405082,207136,241472,180727,214256
           195,2330343,62466,116405082,207136,240832,180727,213472
           196,2343658,62548,116405082,207136,246336,180727,215656
           197,2347810,62884,116405082,207136,243840,180727,213920
           198,2349973,62815,116405082,207136,244160,180727,213640
           199,2338442,62955,116405082,207136,252288,180727,213920
           200,2348544,62815,116405082,207136,241024,180727,213976
           201,2336492,63220,116405082,207136,246336,180727,214480
           202,2338593,63206,116405082,207136,247040,180727,215264
           203,2343439,63055,116405082,207136,248640,180727,214256
           204,2346772,63430,116405082,207136,241920,180727,214928
           205,2348476,63562,116405082,207136,245120,180727,214592
           206,2356687,63802,116405082,207136,250688,180727,213752
           207,2358576,63705,116405082,207136,243648,180727,214760
           208,2351868,63995,116405082,207136,243712,180727,214200
           209,2372218,64123,116405082,207136,245184,180727,213136
           210,2363547,64468,116405082,207136,245440,180727,213864
           211,2357566,64239,116405082,207136,241280,180727,214256
           212,2363598,64639,116405082,207136,242304,180727,214928
           213,2360306,65107,116405082,207136,248000,180727,214592
           214,2373717,65099,116405082,207136,252096,180727,215040
           215,2365523,65060,116405082,207136,254272,180727,214928
           216,2365147,65062,116405082,207136,244992,180727,214256
           217,2369618,65313,116405082,207136,243456,180727,214088
           218,2378437,65521,116405082,207136,243200,180727,213696
           219,2377461,65362,116405082,207136,241856,180727,214480
           220,2377488,65669,116405082,207136,248256,180727,214032
           221,2382197,65826,116405082,207136,244608,180727,214368
           222,2400815,65835,116405082,207136,242368,180727,213864
           223,2390505,65850,116405082,207136,242624,180727,213528
           224,2397681,65987,116405082,207136,245632,180727,213640
           225,2402798,66148,116405082,207136,241152,180727,214368
           226,2405305,66609,116405082,207136,245312,180727,214312
           227,2395449,66383,116405082,207136,249856,180727,213192
           228,2407842,66689,116405082,207136,249536,180727,214312
           229,2407071,67064,116405082,207136,246208,180727,214032
           230,2414435,67240,116405082,207136,240768,180727,214088
           231,2399145,66848,116405082,207136,244928,180727,213584
           232,2424494,67248,116405082,207136,248384,180727,213584
           233,2436758,67392,116405082,207136,244416,180727,214760
           234,2419297,67588,116405082,207136,244352,180727,215432
           235,2414392,67508,116405082,207136,244416,180727,213192
           236,2432741,67833,116405082,207136,245824,180727,214760
           237,2452069,67864,116405082,207136,241280,180727,214872
           238,2434066,68103,116405082,207136,244928,180727,214200
           239,2434722,68126,116405082,207136,254528,180727,213920
           240,2451155,68277,116405082,207136,245760,180727,212744
           241,2475464,68383,116405082,207136,243840,180727,213864
           242,2467346,68666,116405082,207136,241088,180727,213920
           243,2489981,68543,116405082,207136,244224,180727,215152
           244,2512622,68698,116405082,207136,242176,180727,213864
           245,2525779,68801,116405082,207136,249024,180727,214760
           246,2533291,69588,116405082,207136,247040,180727,213696
           247,2560604,69239,116405082,207136,242048,180727,213584
           248,2533362,69384,116405082,207136,242176,180727,215656
           249,2554551,69398,116405082,207136,248128,180727,214424
           250,2539971,69590,116405082,207136,244480,180727,215096
           251,2547771,69389,116405082,207136,244608,180727,213976
           252,2574253,70011,116405082,207136,244032,180727,214256
           253,2562337,70055,116405082,207136,241856,180727,213808
           254,2561033,70191,116405082,207136,245248,180727,213080
           255,2580123,70154,116405082,207136,243520,180727,213640
           256,2580232,70337,116405082,207136,250688,180727,215432
           257,2602132,70786,116405082,207136,241472,180727,214592
           258,2584219,70613,116405082,207136,247872,180727,213416
           259,2582500,70894,116405082,207136,246400,180727,214816
           260,2586339,70763,116405082,207136,245440,180727,214760
           261,2618803,71254,116405082,207136,242112,180727,214480
           262,2623571,71269,116405082,207136,246080,180727,214480
           263,2613620,71288,116405082,207136,241344,180727,214368
           264,2617720,71241,116405082,207136,251392,180727,214480
           265,2648853,71760,116405082,207136,242880,180727,214032
           266,2648931,71601,116405082,207136,246208,180727,214424
           267,2603484,71848,116405082,207136,245632,180727,213976
           268,2641711,71697,116405082,207136,246400,180727,214760
           269,2618468,72070,116405082,207136,243904,180727,213584
           270,2663524,72108,116405082,207136,255488,180727,213360
           271,2653948,72351,116405082,207136,244864,180727,213304
           272,2666379,72298,116405082,207136,246720,180727,214704
           273,2666496,72402,116405082,207136,243008,180727,214928
           274,2675743,72486,116405082,207136,241408,180727,214592
           275,2672953,72856,116405082,207136,243008,180727,214088
           276,2690213,72868,116405082,207136,243200,180727,214256
           277,2663818,73051,116405082,207136,246784,180727,214816
           278,2675555,73096,116405082,207136,242688,180727,214480
           279,2706107,73302,116405082,207136,245824,180727,214648
           280,2717471,73386,116405082,207136,241600,180727,213752
           281,2706411,73730,116405082,207136,247872,180727,214088
           282,2703609,73488,116405082,207136,243904,180727,215096
           283,2717308,74036,116405082,207136,244224,180727,215152
           284,2720729,73778,116405082,207136,245824,180727,213976
           285,2740488,74482,116405082,207136,245248,180727,213696
           286,2732542,74396,116405082,207136,244928,180727,214368
           287,2781638,74475,116405082,207136,241600,180727,213920
           288,2755715,74155,116405082,207136,250432,180727,214312
           289,2739764,74794,116405082,207136,245696,180727,214200
           290,2773753,74870,116405082,207136,248064,180727,214760
           291,2759915,75045,116405082,207136,244800,180727,214424
           292,2785042,74784,116405082,207136,243328,180727,214200
           293,2802370,75516,116405082,207136,243968,180727,214144
           294,2782292,75357,116405082,207136,245440,180727,214704
           295,2775612,75469,116405082,207136,244288,180727,213528
           296,2799754,75548,116405082,207136,246144,180727,213304
           297,2800279,75560,116405082,207136,245760,180727,214256
           298,2826088,75612,116405082,207136,241408,180727,215208
           299,2810266,76429,116405082,207136,249728,180727,214984
           300,2854207,76148,116405082,207136,241664,180727,214704
           301,2833246,76371,116405082,207136,242944,180727,214256
           302,2826057,76443,116405082,207136,250432,180727,214088
           303,2830532,76714,116405082,207136,243904,180727,213696
           304,2875569,76573,116405082,207136,242496,180727,213864
           305,2851559,76860,116405082,207136,241856,180727,214200
           306,2865351,76833,116405082,207136,243008,180727,214648
           307,2876346,76868,116405082,207136,243712,180727,214760
           308,2884669,77379,116405082,207136,249664,180727,214536
           309,2918951,77324,116405082,207136,243520,180727,214648
           310,2894227,77369,116405082,207136,248000,180727,213864
           311,2912305,77530,116405082,207136,241024,180727,213472
           312,2921021,77374,116405082,207136,245376,180727,213976
           313,2950982,78071,116405082,207136,244032,180727,214312
           314,2951164,77863,116405082,207136,242752,180727,213920
           315,2954060,77969,116405082,207136,248640,180727,215208
           316,2941858,77931,116405082,207136,242176,180727,214144
           317,2953374,78572,116405082,207136,242304,180727,214312
           318,2965576,78361,116405082,207136,246528,180727,214200
           319,3015945,78699,116405082,207136,246016,180727,213416
           320,3036869,78567,116405082,207136,246208,180727,214312
           321,3009953,79063,116405082,207136,245312,180727,213808
           322,3065479,79289,116405082,207136,242688,180727,214256
           323,3028793,79069,116405082,207136,245824,180727,213808
           324,3047025,79047,116405082,207136,243392,180727,215096
           325,3056237,79437,116405082,207136,245888,180727,215264
           326,3097690,79763,116405082,207136,245888,180727,213528
           327,3085410,79440,116405082,207136,240896,180727,214928
           328,3089543,79664,116405082,207136,244736,180727,213360
           329,3124163,79780,116405082,207136,244352,180727,214760
           330,3131229,80089,116405082,207136,243904,180727,214984
           331,3105652,79774,116405082,207136,245504,180727,214704
           332,3117960,80121,116405082,207136,249600,180727,214760
           333,3161425,80073,116405082,207136,243264,180727,213528
           334,3185381,80861,116405082,207136,245952,180727,214256
           335,3183107,80306,116405082,207136,245184,180727,213472
           336,3188119,80488,116405082,207136,241472,180727,215208
           337,3252741,80690,116405082,207136,252288,180727,212576
           338,3241804,81166,116405082,207136,241664,180727,213752
           339,3269567,81091,116405082,207136,241408,180727,214200
           340,3240267,81328,116405082,207136,241408,180727,214256
           341,3277780,81156,116405082,207136,244864,180727,214144
           342,3261449,81595,116405082,207136,254656,180727,213976
           343,3340075,81450,116405082,207136,246464,180727,213920
           344,3316443,82012,116405082,207136,246528,180727,213976
           345,3302013,81651,116405082,207136,246400,180727,214368
           346,3356889,82142,116405082,207136,241472,180727,214032
           347,3367942,82244,116405082,207136,250496,180727,213696
           348,3322049,82446,116405082,207136,247104,180727,213528
           349,3399374,82231,116405082,207136,241856,180727,213528
           350,3451270,82641,116405082,207136,241024,180727,213696
           351,3423551,82881,116405082,207136,245120,180727,213976
           352,3441666,82749,116405082,207136,245248,180727,214984
           353,3436942,82919,116405082,207136,245120,180727,215152
           354,3486833,83159,116405082,207136,243840,180727,213192
           355,3443792,83169,116405082,207136,245632,180727,213472
           356,3511788,83630,116405082,207136,249152,180727,214368
           357,3507177,83434,116405082,207136,246464,180727,215152
           358,3522575,83681,116405082,207136,242304,180727,214648
           359,3536685,83860,116405082,207136,248256,180727,214536
           360,3602013,83827,116405082,207136,245760,180727,213696
           361,3572027,83884,116405082,207136,242240,180727,213528
           362,3617973,84355,116405082,207136,249920,180727,214424
           363,3620934,84012,116405082,207136,243584,180727,213472
           364,3592275,84391,116405082,207136,253696,180727,214928
           365,3617830,84486,116405082,207136,242624,180727,214872
           366,3631034,84832,116405082,207136,251968,180727,214032
           367,3651702,84653,116405082,207136,245184,180727,213752
           368,3632604,84948,116405082,207136,246080,180727,215040
           369,3719461,84831,116405082,207136,246848,180727,214760
           370,3646875,85477,116405082,207136,242112,180727,213696
           371,3623467,85141,116405082,207136,245888,180727,214200
           372,3640117,85481,116405082,207136,246464,180727,213472
           373,3746640,85427,116405082,207136,243840,180727,213808
           374,3678715,85812,116405082,207136,244032,180727,214200
           375,3655002,85585,116405082,207136,257664,180727,214816
           376,3696578,86081,116405082,207136,245888,180727,214984
           377,3733742,86078,116405082,207136,247168,180727,214200
           378,3631408,86555,116405082,207136,244416,180727,214368
           379,3673676,86208,116405082,207136,258048,180727,213640
           380,3713607,86542,116405082,207136,243200,180727,213752
           381,3719025,86681,116405082,207136,249856,180727,213360
           382,3685420,86809,116405082,207136,249088,180727,214480
           383,3723744,86932,116405082,207136,246272,180727,214368
           384,3695625,87075,116405082,207136,244352,180727,213808
           385,3643722,87469,116405082,207136,247808,180727,214480
           386,3718083,87312,116405082,207136,243712,180727,212800
           387,3750652,87583,116405082,207136,243776,180727,214424
           388,3727580,87301,116405082,207136,246336,180727,215544
           389,3697629,87915,116405082,207136,246144,180727,214424
           390,3745940,87530,116405082,207136,242432,180727,213808
           391,3665612,87718,116405082,207136,246336,180727,214872
           392,3719313,87661,116405082,207136,241280,180727,213640
           393,3710298,88275,116405082,207136,248640,180727,212856
           394,3734737,87986,116405082,207136,241472,180727,213752
           395,3722059,88141,116405082,207136,242688,180727,213640
           396,3776074,87885,116405082,207136,247424,180727,213920
           397,3725712,88556,116405082,207136,241856,180727,214704
           398,3728386,88315,116405082,207136,248896,180727,213248
           399,3737967,88750,116405082,207136,253312,180727,214928
           400,3734546,88469,116405082,207136,249920,180727,214200
           401,3758156,89276,116405082,207136,246784,180727,214312
           402,3742302,88969,116405082,207136,242048,180727,215264
           403,3792353,89350,116405082,207136,254080,180727,214928
           404,3697188,89028,116405082,207136,242496,180727,213696
           405,3794265,89555,116405082,207136,254784,180727,213976
           406,3756301,89979,116405082,207136,250816,180727,213696
           407,3799474,89870,116405082,207136,245184,180727,213584
           408,3726478,89781,116405082,207136,244928,180727,215040
           409,3783572,90241,116405082,207136,244928,180727,213864
           410,3745210,89994,116405082,207136,243072,180727,215096
           411,3737150,90385,116405082,207136,244864,180727,214256
           412,3792590,90243,116405082,207136,243968,180727,213976
           413,3808801,90676,116405082,207136,246144,180727,213640
           414,3789356,90674,116405082,207136,246720,180727,213808
           415,3756157,91016,116405082,207136,241792,180727,214368
           416,3846486,90588,116405082,207136,242624,180727,213864
           417,3743889,91377,116405082,207136,241408,180727,214928
           418,3834195,91035,116405082,207136,250176,180727,213808
           419,3746808,91406,116405082,207136,243072,180727,214088
           420,3852581,91361,116405082,207136,248192,180727,213416
           421,3732042,91793,116405082,207136,248320,180727,214200
           422,3801280,91620,116405082,207136,246336,180727,213976
           423,3792968,91951,116405082,207136,246336,180727,214760
           424,3817678,91833,116405082,207136,246400,180727,213864
           425,3785822,92276,116405082,207136,253248,180727,214144
           426,3828545,92108,116405082,207136,245568,180727,213584
           427,3817173,92753,116405082,207136,242112,180727,214088
           428,3820191,92442,116405082,207136,240768,180727,215600
           429,3857276,92814,116405082,207136,251520,180727,214536
           430,3836340,92448,116405082,207136,244736,180727,215264
           431,3833655,93087,116405082,207136,243392,180727,214648
           432,3865177,92810,116405082,207136,242880,180727,214368
           433,3845127,93270,116405082,207136,245184,180727,214536
           434,3811342,93023,116405082,207136,243584,180727,215488
           435,3839043,93240,116405082,207136,241600,180727,214032
           436,3812808,93354,116405082,207136,241536,180727,214984
           437,3877091,93947,116405082,207136,244736,180727,214144
           438,3843536,93654,116405082,207136,244480,180727,213528
           439,3885642,94322,116405082,207136,247232,180727,214592
           440,3889917,94029,116405082,207136,245696,180727,214592
           441,3843831,94457,116405082,207136,241472,180727,214872
           442,3907440,94476,116405082,207136,250688,180727,213696
           443,3900562,94433,116405082,207136,251328,180727,214144
           444,3893378,94073,116405082,207136,254656,180727,215264
           445,3904353,95050,116405082,207136,257344,180727,214200
           446,3977473,94692,116405082,207136,242944,180727,214144
           447,3880619,95380,116405082,207136,245120,180727,214200
           448,3889396,95188,116405082,207136,245312,180727,213864
           449,3913685,95458,116405082,207136,244480,180727,214144
           450,3968141,95833,116405082,207136,245952,180727,214480
           451,3949484,95334,116405082,207136,246656,180727,214256
           452,29928748,95631,115954918,205287,240896,181328,213752
           453,3934604,95718,116405082,207136,241408,180727,214256
           454,3940927,95945,116405082,207136,241792,180727,214368
           455,4000077,95920,116405082,207136,244864,180727,213752
           456,4005200,96082,116405082,207136,249088,180727,214592
           457,3952725,95679,116405082,207136,242496,180727,214760
           460,3994479,97595,116405082,207136,244608,180727,213920
           461,3992185,97271,116405082,207136,245760,180727,213808
           462,4058529,97601,116405082,207136,247616,180727,213640
           463,4082194,97110,116405082,207136,244288,180727,213976
           465,4083824,97713,116405082,207136,251200,180727,214368
           466,4024582,98005,116405082,207136,245312,180727,214592
           467,4087685,98003,116405082,207136,245696,180727,213920
           468,4030480,98544,116405082,207136,242368,180727,214032
           469,4190403,98344,116405082,207136,241600,180727,215040
           470,4079795,99001,116405082,207136,255680,180727,213248
           471,4098956,98458,116405082,207136,245376,180727,214032
           472,4087406,98972,116405082,207136,245824,180727,214592
           473,4185326,98800,116405082,207136,241792,180727,214256
           474,4093328,99395,116405082,207136,247488,180727,213640
           475,4175579,98764,116405082,207136,246144,180727,214704
           476,4236231,99452,116405082,207136,246016,180727,214256
           477,4215470,99377,116405082,207136,247680,180727,214480
           478,4176288,100178,116405082,207136,257408,180727,214760
           479,4189604,99850,116405082,207136,240704,180727,213416
           480,4258417,100001,116405082,207136,241408,180727,213640
           481,4206902,100212,116405082,207136,241216,180727,213080
           482,4283735,100555,116405082,207136,244480,180727,213976
           483,4241710,100005,116405082,207136,245632,180727,213528
           484,4316306,100787,116405082,207136,246720,180727,214928
           485,4219027,100519,116405082,207136,245696,180727,214256
           486,4299580,100867,116405082,207136,245760,180727,212912
           487,4256699,100836,116405082,207136,243264,180727,213976
           488,4294127,101097,116405082,207136,256448,180727,214816
           489,4305432,100872,116405082,207136,244480,180727,212856
           490,4272605,101369,116405082,207136,244800,180727,214648
           491,4302563,101426,116405082,207136,242304,180727,214200
           492,4301631,101563,116405082,207136,244672,180727,214032
           493,4348439,101638,116405082,207136,247104,180727,214480
           494,4292886,101983,116405082,207136,244736,180727,213248
           495,4426103,101741,116405082,207136,245760,180727,214312
           496,4322507,102301,116405082,207136,241920,180727,213864
           497,4369610,101980,116405082,207136,245056,180727,214592
           498,4279642,102519,116405082,207136,256256,180727,214536
           499,4454429,102387,116405082,207136,245952,180727,213920
           500,4333005,102540,116405082,207136,246400,180727,214480
           501,4383847,102667,116405082,207136,244224,180727,214032
           502,4389691,102812,116405082,207136,246464,180727,215040
           503,4453070,102670,116405082,207136,242048,180727,214592
           504,4320260,103254,116405082,207136,249280,180727,213864
           505,4373397,103075,116405082,207136,249856,180727,214480
           506,4426200,103736,116405082,207136,249728,180727,214648
           507,4403974,103233,116405082,207136,247296,180727,213584
           508,4377880,104016,116405082,207136,247552,180727,214536
           509,4428846,103488,116405082,207136,243840,180727,214648
           510,4421047,104116,116405082,207136,244352,180727,214928
           511,4325897,103913,116405082,207136,244864,180727,214312
           512,4729072,104835,116405082,207136,249920,180727,214088
           