44452,91200,291,576,11,336
43744,9287,12,64,17,224
45162,7593,0,0,22,448
47194,105304,326,896,23,392
49014,234894,530,896,257,448
49520,302650,563,768,444,616
52923,627116,1441,1856,630,1008
54619,798133,1697,1920,926,1008
56628,682613,1046,2112,1223,1568
61602,937220,1688,2368,1394,1904
57065,839875,1547,1792,1214,1456
60243,1253870,2096,3136,2105,2184
64628,1486125,2836,4096,2189,2688
70112,1373918,2436,3008,2152,2408
68808,1359144,2567,2944,1978,2632
74648,1890397,3089,4736,3125,3136
75060,1629849,2979,3776,2425,3192
75023,2027733,3608,4480,3162,3528
77183,2009800,3698,4608,3095,3696
83186,2514053,4807,6592,3609,3696
84570,2948800,5874,6912,3935,4368
93653,2380966,4160,5248,3835,4144
86521,2911706,5128,7360,4560,5040
90915,2614646,5171,6144,3516,5040
97079,2481773,4142,5504,4224,5880
88793,2919641,5145,6144,4537,5320
96039,3349809,6442,7872,4670,5656
111698,3207192,5161,8640,5477,5824
115051,3109323,5578,6464,4680,6216
108437,3370842,5818,7936,5330,6328
106407,3185690,5219,7232,5385,6104
109601,3981182,7399,10048,5782,6440
116195,3960455,7130,8384,6147,7616
126327,3646646,6516,8448,5636,6608
123490,3789914,5888,9088,6728,7112
140347,4101925,6849,9088,6791,7504
127291,4363507,8290,9984,6261,7896
145243,4011308,7015,8320,6467,7560
130425,4607316,7700,11072,7752,8176
141983,4108442,7128,8832,6586,8400
152879,4190759,6817,9536,7105,8176
146116,5100091,9807,11968,7292,8960
158809,4826132,8664,10176,7476,8848
154074,4939771,8571,10304,8007,8680
164108,4854935,8462,10368,7786,9296
157293,5270607,9012,11264,8665,10304
157457,5071938,9311,13568,7422,10752
164204,4817180,8792,10176,7453,10080
146032,5725620,10313,12992,8638,10864
172064,5633436,9982,13632,8912,10024
170048,5690410,10361,13504,8676,10640
173532,6426920,12380,15616,9186,11088
170877,6210722,11359,15232,9271,10304
170068,6254508,11138,13440,9758,11368
172575,6507409,12168,14272,9498,11424
175850,6154001,10415,13248,9979,11648
175300,6015992,10289,12608,9895,11424
172871,6624490,11943,14464,10202,12376
185591,6503469,12174,14016,9486,12208
175766,6718015,11816,14336,10535,12040
183378,7514818,14265,17216,10856,12488
186164,6926832,12994,15296,10151,12880
173551,6619661,10905,15040,11156,13328
189000,7485695,13888,16128,11020,13552
164199,7418269,12840,15232,11698,14112
199449,7478227,12861,15680,12187,13552
197256,7808890,14060,16704,11840,14392
197101,7542447,13878,16128,11189,13440
197785,7856421,14035,16448,12148,13832
197590,8325633,15698,19456,12082,13776
200984,7836769,14660,18560,11400,14448
204158,8460380,15392,18112,12647,14448
202047,8039701,13611,17664,13219,15120
207591,8312576,15004,20800,12811,15120
201628,8865169,16112,21696,13456,15960
209686,8792379,14894,18880,14163,16520
210082,8987212,15616,19200,14378,16128
204281,8980340,17111,22528,12783,17304
204860,9357330,16501,20672,14700,18312
189679,8847101,15101,19200,14257,15512
209007,8668209,14415,19008,14502,15960
201169,9362308,16853,20928,14367,16968
177847,9842906,17828,21184,15116,17976
222013,9989657,16633,23296,16693,17136
215624,9853509,17660,20992,15269,17640
194215,9420060,16173,20160,15367,17584
206429,9435438,15937,20352,15296,17584
206803,10286129,18632,22208,15645,18256
212728,9837275,17957,23232,14659,17920
224121,10458654,18144,22336,16563,20328
203477,9731010,17121,20544,15543,22064
217171,10491990,19087,23488,15884,19040
209509,10515054,17749,22400,17219,19544
211524,11051900,19772,23296,17140,19488
214740,11085778,19649,24384,17293,19320
203621,10745566,18237,22784,17496,21280
213567,10816294,18255,24448,17722,19656
213503,11086469,20412,25408,16676,20664
221844,10906529,18480,22912,17816,20552
202311,10828717,19321,22464,16377,21728
205125,11261128,19826,23808,17690,22512
222340,10990180,18689,23360,17801,20440
228191,11870379,21588,27712,17979,21448
226034,11430258,20021,23488,18127,20664
233041,11756049,21094,27264,18110,21336
221941,11847743,20380,25024,19227,22176
237007,12462439,21394,27264,20159,22176
237643,12699560,23061,27008,19257,21784
236967,11691197,20702,24192,18259,23072
239753,11946431,20588,25792,19434,23016
240686,12105121,20483,27648,20043,22960
239837,12670733,22218,26368,20050,21840
259132,12969818,23127,27648,19905,22904
249656,12954147,22399,28864,20990,23800
263756,12375786,22407,31616,18878,23800
267086,13097129,23620,28800,19818,23016
252023,13390061,24359,31168,20164,25256
259758,12684463,22166,26880,20084,25200
253207,13437175,24495,34048,20466,23968
257772,13996480,25419,31232,21190,24360
273192,13230661,22906,28544,21295,23688
267730,13489631,23454,28544,21419,24696
273549,14463151,25475,30336,22803,25256
254758,13906077,24523,28672,21782,25256
274127,13446144,24233,34048,20781,25592
273938,14009878,25140,29248,21624,27216
276057,14646458,27041,32768,21819,26320
277926,13924416,24238,29440,22180,26432
270601,13846576,24553,28672,21612,26600
267131,15419033,28244,36352,23062,26880
267863,14736992,27193,35584,22026,27496
265913,14654576,25498,30528,23217,27776
276346,14208710,24955,29568,22653,27608
283253,14926962,26235,31744,23581,27160
278644,14720912,26038,30336,23120,27048
277538,15927446,28047,34496,25000,27776
278171,15768456,28372,35072,24295,28112
267187,15170642,26142,32128,24357,29344
269076,15366111,27050,31808,24420,30352
287860,16035652,29121,33792,24299,28560
289751,16286929,29195,33856,24961,29344
289959,16136029,28083,34432,25665,28728
290685,15831138,28263,33152,24433,29008
285070,16587968,28501,36288,26862,29232
288308,15549567,26095,34624,25801,30016
287115,16296997,29809,35008,24416,29848
285457,16690886,30124,35648,25604,30632
284723,15956792,27966,33664,25212,29960
288740,16028788,28325,33536,25191,31304
304918,16940319,29852,34752,26403,30184
302796,17219419,31256,38016,26194,30520
291603,17350428,30164,36160,27714,30744
293080,17514892,30501,37824,27894,31080
304421,16734947,30358,41088,25166,31640
298925,17154415,30701,36480,26503,32312
305744,16929787,29456,34624,26691,32480
298815,17612342,32853,40192,26056,31696
321837,17251647,30413,35584,27003,32760
311853,17384822,32245,46784,25540,32480
312132,18071740,32231,37568,27878,32592
316353,18583730,33654,41600,28254,33208
317050,18821565,33058,39808,29561,33768
321661,17722160,30846,36736,28327,32704
311391,18744378,33807,40640,28499,33544
324563,18671690,33774,39616,28712,33880
319319,17857593,30054,39168,29493,35056
333157,18037395,33161,39168,27044,34496
331543,20162555,36651,43136,30545,35168
328636,18867499,32627,39104,30295,34216
337645,19661325,34545,41408,31265,33936
335351,18827066,33004,39360,29857,35224
332711,19816533,33554,43136,32247,35056
333846,19479319,34476,44352,30429,35784
340421,19957441,34995,42304,31611,35728
348279,20555767,36238,44928,32367,35952
340724,19613830,34966,41216,30704,37184
349545,18349627,32263,38016,28888,35952
346222,19858747,35149,46784,30930,36736
342677,19822601,35477,51584,30716,37688
348533,19800875,35012,48704,30790,37016
346386,19308963,33445,40192,30569,37408
349043,19339277,34299,44096,30198,38192
353584,20016482,34668,41664,31888,38640
356334,21031371,36880,44224,33212,37632
357684,20667191,36762,43840,32317,37520
355960,21158436,38079,45504,32591,38304
370684,21428323,39031,47616,32613,39592
357733,21509343,38441,48576,33179,38976
360461,21207856,37820,44672,33026,38976
368990,21208807,38099,47808,32732,39536
359371,21453094,38589,46144,32895,39312
363003,22003826,38291,47744,35029,38920
372900,21847877,38495,44992,34134,39368
377819,22741834,41757,51584,33803,40936
379778,20790454,35164,45312,34228,40040
375036,22810207,41083,48512,34892,40208
376627,21819548,38792,45248,34019,40768
376535,21931052,39804,46464,33472,40600
370279,22352305,39119,47808,35419,40824
380490,22920773,42289,50112,34221,40824
381155,22545323,39544,48768,35738,41720
381834,23064334,41273,50048,35422,41328
390673,23365763,41008,48384,36898,41104
387897,22849241,40004,47168,36187,42672
381277,22720467,38976,47872,36962,42896
383575,22659427,39211,47168,36020,43064
397511,23996654,43308,53568,36742,42560
406871,22500997,40437,55104,34745,43008
405599,23224002,40186,48640,37626,42112
406049,23542244,43676,55232,35296,44744
407076,23296707,41512,51328,35830,44464
408477,23566416,41323,48768,37529,43400
415073,23886240,41721,50944,38078,43680
406812,24147319,42464,49472,37979,43288
423070,24579793,44045,52224,38023,44128
414061,24529020,44291,51840,37493,44632
420588,24809958,44704,55104,37846,45192
420227,23781172,40049,51968,39217,44576
423585,24643605,43018,52928,38818,45920
423187,23786377,41298,49408,37668,45920
416492,25649969,46426,56128,39073,46872
430852,25290588,45442,54080,38749,45584
428160,26127887,47281,56896,39826,46536
427405,25142009,44765,54144,38897,46480
437997,24334006,41758,51648,39207,47600
426991,26053543,46794,55552,40057,46872
437655,25505035,46241,54016,38808,47096
434826,25221672,43732,54336,40149,47264
431848,26819591,46942,58048,42677,47992
435376,26278101,46968,54592,40797,48664
446219,27293344,49934,58880,40989,48048
445573,26066549,46329,57472,40662,49336
452480,26328439,47161,55488,40635,48832
440172,26814433,49570,59264,39946,48440
453492,26320989,45674,55808,42036,48776
452722,26892221,47772,58688,41807,48496
449976,27261981,50791,58624,40337,49280
448352,27539779,49395,60032,42253,49728
456641,27047895,47458,57152,42702,49336
469263,27314347,48320,58176,42747,49672
456035,26889798,47457,58432,42165,50120
456927,27143635,48265,62080,42090,50008
471118,26920775,47743,56768,42106,51968
462802,27894512,50017,58496,42911,50176
460064,27210643,49095,60096,41797,51464
472723,27788980,48225,59200,44503,50568
489041,28198587,50046,59456,43952,51688
474877,27111114,47070,56640,43067,52304
471355,27653110,48632,56832,43915,52248
477145,29170821,52321,61696,44584,53256
479456,28522407,49545,59968,45435,50904
483077,28440440,51291,62272,43544,52136
477615,29493031,51607,63872,46848,51688
497036,27982668,49638,57408,43594,52864
483656,27693990,48815,56832,43368,53032
502743,27931973,49521,60608,43687,52416
487978,27867575,48841,57664,44229,54040
491784,29415285,53079,62720,45061,53200
494808,28694546,50059,60352,45689,53480
506435,30446938,55284,67136,46112,53032
505235,29030782,50113,59840,46611,53984
506375,28541867,49840,59008,45201,53368
515323,29217561,50225,61760,47274,55272
510952,29898350,53735,63872,46138,54544
517199,29492690,51833,60480,46759,53816
519707,30936453,55887,67392,47335,54152
512258,30248025,53471,64960,47565,55496
509950,29388731,51203,60992,46615,55944
513338,29961501,52143,61248,47426,55440
511506,30785583,54824,66432,47750,56840
519198,30913764,55971,68416,47242,55664
511734,30921125,55703,65152,47739,56504
512457,30502547,54246,65280,47299,56168
516855,30043403,52688,62272,47378,56504
519991,29824430,52627,68160,46694,58800
527497,31598264,56620,65984,48743,57344
530099,30194110,52879,63744,47831,56952
530334,31106621,55426,67008,48271,56728
535215,31387890,54799,64256,49794,57008
522191,30255584,52677,63360,48380,60704
534974,30921373,55811,67200,47618,58576
541646,32483350,58776,69632,49479,58464
551272,31878886,56817,68800,49322,59528
540039,31156647,55013,65024,48995,58184
532580,32998532,57947,69248,51795,58632
540065,33241781,59884,71360,50706,60368
538163,31648026,55441,65344,49989,59808
553869,32158511,55272,66944,51586,59080
559000,32729818,56533,69504,52505,58744
554258,32569466,55770,70400,52654,59584
557346,33473673,58509,70080,52573,59696
540377,33520015,59769,70464,52203,60760
550712,31990964,56358,75712,50034,60368
554296,33509154,58868,75008,52406,60704
556532,33964159,61884,71808,51329,61880
557255,33743676,60560,72832,51792,60592
568176,34667721,62846,73600,52466,62048
560398,32502550,56475,68224,51876,60312
562625,33365617,60611,79936,51033,61768
574989,34327055,61780,73728,52512,62384
562150,33833714,60530,71744,51926,63056
565172,34884591,62362,77184,53658,61712
572345,34053725,61103,73856,52556,62328
568933,34374321,58934,73472,55678,61712
580453,34545173,61128,74240,54018,62832
564461,34302617,60059,70912,54216,62888
572049,34721272,61552,73984,54211,62832
583492,35489460,64133,75648,54101,64456
582384,33900156,59234,70336,53910,63168
586788,34994894,62102,83072,54644,63840
592921,35449604,63267,73472,54573,64568
581284,35464340,62111,76224,55846,65016
585181,34969281,60697,72384,55640,64568
591847,36513023,64538,75392,56958,64624
593906,35047721,62926,74880,53593,67592
595310,35290686,62506,72768,55202,65296
593331,34815369,61425,71104,54279,66248
599763,35421141,62959,74304,55075,66248
607770,35779320,63189,73920,55996,66640
607407,37394861,68456,89152,56238,66416
592673,37334422,68122,82240,56511,66920
612569,36554224,65098,79104,56747,66976
600726,35715023,63293,75328,55931,66528
602991,35529003,62879,72832,55497,65520
610870,36903212,67322,86848,55330,66640
606291,37114610,66357,81664,57647,67928
604876,36986894,65402,77120,57885,67032
616772,38579979,69085,81088,59573,67648
622947,36703499,66269,79936,56034,69160
615387,36140563,63571,74880,57318,67704
618104,36701429,63499,76864,58838,68600
621424,36419644,62573,76032,58522,69608
615251,36772745,63659,76160,58680,69048
617429,37202167,67090,78080,56903,69328
627388,37967338,68215,83264,58198,71064
618839,37803571,68190,84864,58023,69720
632027,38584675,69518,81216,59015,70056
627905,37421291,66435,82880,58486,69944
626202,36115439,62452,75968,58308,70000
643503,38294808,68082,82368,59114,70112
635585,37510676,66828,83008,58642,70896
639278,37756813,66642,81088,58960,72016
635704,39028514,69729,85760,60193,72352
636790,39228648,71116,85440,59427,71512
632350,38396996,67400,78976,60850,71848
645446,38422173,67297,78400,60808,71624
643290,37916181,65604,79296,60757,70728
646000,38548222,68826,83072,59651,72856
644651,39464497,70235,83712,60822,70392
656148,40007942,71476,83584,61367,73808
645796,39602063,69491,84608,62449,72520
657689,40335569,72489,85312,61902,74200
652095,40289743,73087,84864,61122,73808
656604,39016015,68153,80512,62230,72632
665552,39492691,69301,80896,62057,73472
658342,39962907,69712,83968,63185,73696
655860,39764821,71813,87232,60875,74592
669089,40450361,72943,91200,61836,74368
661384,39753521,71477,84800,61361,75040
667263,39826928,70647,90688,61666,74928
667011,40008814,69526,83072,63925,74200
670566,40797978,71954,84096,64193,74144
667531,38995439,67014,82048,63003,75040
673420,40954937,71605,84352,64996,74816
673940,41341951,73720,94336,63915,76272
678593,40045379,70317,82304,63048,75936
677085,39241342,70753,85824,60103,76888
674239,42922340,78317,91520,64848,77448
684079,43187733,79288,97856,64846,76608
681406,41469793,74199,89856,63538,77672
683561,42129662,75123,87744,65318,76944
686574,41175023,71673,84032,65230,76888
688456,41543924,74293,86464,64287,77448
686071,41708368,73441,85376,65303,77504
687558,41830041,72938,85824,66101,76776
691748,41581050,72503,85568,66264,76944
691480,43349971,77626,90624,66513,78120
691633,41852822,74937,94464,64468,78680
697270,41166735,70770,86272,66512,78456
700362,43111877,77670,98240,65629,78792
705536,43509185,79221,99392,65983,79464
701077,42757214,74875,88320,67860,79240
705071,41659832,73323,90944,65361,79352
708812,45351229,80778,97088,70295,79352
704046,44183513,78454,92672,69251,79072
713236,43025776,76967,91136,66860,80248
723552,43131762,77128,90368,66896,79856
710796,43275984,76400,93888,67780,79968
710505,44155718,80367,99264,66600,80808
716001,43988044,78149,90944,68562,80640
721213,44408574,79005,94656,68850,81816
721187,43641682,78293,92352,67209,81592
723295,44246113,77929,99328,69482,81032
731967,43409084,76803,92864,67698,80864
729555,43918417,79255,93888,67244,83384
730163,44422022,79993,95488,67783,83104
731719,44210365,77963,91072,69045,80752
731257,45348404,81804,97536,69444,83104
742964,43968153,78283,91776,68423,84616
733339,44186021,76108,91648,70827,82824
739421,45440298,80444,95040,70376,82880
740079,44032017,77376,90176,69724,83216
742240,45646668,79897,96000,72332,82376
743105,45073863,79121,95104,70800,83664
746171,45224157,78235,93760,72560,83664
744627,44650182,79089,91392,69855,84112
749478,45281894,80320,97472,70854,83776
749304,44437628,77135,92224,71255,85120
757191,46010887,81261,100800,71849,84000
755103,46579390,83115,97920,72393,85120
753607,45934803,81382,100928,71716,84840
762589,46161319,82020,97216,71971,85680
764639,45625724,79531,93184,72685,86072
766755,47365144,85404,109440,72562,86688
764136,45439078,80634,102912,71045,85624
764419,45717661,82145,98304,70443,85960
765952,47241701,86241,107008,71332,86464
769461,46289371,82993,97280,71314,86408
776695,46203757,82383,98176,71824,87920
775120,47251367,84798,100608,72891,87584
778206,47243877,82769,96000,74491,87304
777050,47349572,84686,104640,73404,87360
775406,46603587,82032,100864,72810,88088
783540,47813222,85375,99136,74080,87136
784527,46584106,82832,106560,72295,88312
782685,47951700,86880,103488,72984,87808
790310,47594992,84243,103552,74328,88424
800166,47787261,85440,103936,73872,90160
789591,47764846,85936,115520,73117,88816
785969,47669173,83986,97856,75007,89712
794488,47299424,86506,101312,71291,90608
798632,47937671,85014,109568,74942,89600
802168,48247133,85402,100416,75890,90272
802190,48733143,86356,104192,76197,91112
803639,47793558,85131,105792,74496,89824
804727,50032785,90853,115392,76041,90048
803603,51153282,93150,108416,77453,90496
814265,48802590,86883,103616,75502,90384
811800,48097166,83578,100288,76434,90664
817050,49196223,85616,101120,78188,90832
817842,48647785,86133,106816,76210,90776
824296,49881067,89135,105792,77075,91224
810748,50143898,89518,106688,77949,91616
812361,49952017,89102,108032,77363,91616
828132,49121672,87465,102912,76298,91784
828588,51110780,92926,114432,77610,92064
827311,50604448,88429,105728,79786,92456
825437,49729555,85609,103232,80682,91504
822723,50430933,90695,107200,77124,92792
833820,49743351,86774,101952,79368,92176
837359,51182558,91500,109952,79000,93520
838629,50144183,88497,102336,78654,93632
832491,49173944,87691,112768,76587,94752
839838,51921282,92888,111808,80170,93744
843739,51669052,92542,110272,79461,93912
853012,50709218,89870,108800,79260,94136
855930,51460608,92504,111360,79154,94472
846239,51620219,92442,107584,79981,94528
854500,49939251,87671,101888,79128,94808
850045,50777393,90117,113216,79038,94024
861781,52349133,92836,112448,81453,95872
848035,51597133,89981,105792,81821,95480
860649,52184356,95157,119104,78412,95872
867677,51496576,91717,108544,79893,96600
862189,51826838,90877,105536,81402,96152
867090,53097869,95327,114368,81604,97160
872557,51692424,91419,112896,80961,96040
872727,52571179,94828,114432,79998,98392
868005,53949723,99495,122688,80566,99680
867885,53090385,96358,117184,80904,97440
871528,52722667,95416,110784,79819,98728
874352,52213585,91294,113600,82591,98280
871282,53990199,98425,114496,81452,98392
881023,53154068,93207,112512,83985,97944
877603,51245673,89729,104768,80866,98280
886131,53140324,95176,117248,81905,99120
892686,53133827,94923,112704,82363,98560
885218,51630466,90422,105152,81411,99904
895893,52652338,91954,107712,83158,100856
889434,52902198,93440,119680,82991,100016
895279,53065603,93341,108608,83905,100016
888610,53778962,95630,113408,83611,100352
903112,53100256,91355,110656,85596,100184
900995,54198467,96335,113728,84241,100576
896936,53647975,93677,109952,85161,99848
899712,54011931,94787,115008,84810,100576
904656,53138549,94190,123392,82711,101920
906925,54436065,97229,116992,83765,101640
914216,53169195,94023,121344,83442,102760
920404,54983263,97664,113536,85641,101864
913417,55549454,99191,116288,86018,102816
917795,53885835,97280,115008,82289,103432
922728,55715193,99177,116608,86498,102536
911016,56017399,101534,123072,84899,102592
922592,54288766,95664,117440,85374,102312
929361,57253201,103118,124672,87871,103432
927464,54584315,97206,117632,84553,103432
931584,55231006,98244,125184,85937,103824
928134,55152140,96530,117312,86769,102704
937354,57547716,103449,124928,88285,105616
935384,56185225,99655,119488,87550,103152
932339,55897538,98280,119744,87965,102312
926020,56108148,98710,127808,88107,104552
941724,55951670,99427,122816,87503,104272
930892,56030782,98253,121408,88150,104216
941957,56421143,98970,117632,88570,104720
948379,56377485,100845,124736,87075,105448
948707,56727157,99346,118592,89719,104216
961289,56472525,98373,115712,89930,104216
949425,58191201,103982,125440,90223,105840
951916,56556398,100083,119744,88681,106736
957711,57304099,99511,117376,91699,104160
962347,57546915,102828,121280,89414,106232
958056,55854823,97856,113664,88470,105952
975847,57543489,101811,122624,89962,106456
967229,57283408,101417,121920,89936,107240
971091,57390979,101633,128448,89569,106624
969692,57210607,100877,117568,89988,107016
974432,58339368,104114,121984,89846,106960
972508,58760076,103852,123392,91861,108528
969112,57191603,102044,119040,88541,108472
973688,57497829,100500,119168,91106,108136
974638,58675625,103522,120448,91804,107912
980066,58618659,102834,124992,92657,107464
975749,57086151,100684,132160,89768,109144
986127,57685576,99127,120576,93391,106568
977817,57783585,100645,118144,91480,109144
986697,59812107,105704,123904,93567,108248
984820,58569234,102607,119552,92700,108920
989715,59094881,103920,123968,92827,109536
1001519,58907038,104044,123136,92282,110376
999548,59378410,105294,128384,92690,109480
994010,58445028,100792,120896,94516,110376
1003363,60270038,106599,124288,94074,110264
1006032,59725635,105274,131968,94242,110376
1010483,58729340,105143,121984,90587,110712
997847,60551611,109398,129920,92813,111944
1006124,60064464,108086,139456,92634,111664
1010999,61750964,108621,128768,96617,111216
998628,59993686,104051,123840,95874,110544
1010554,60231870,108077,129344,92494,113624
1011380,59286858,105008,133248,92523,111664
1025458,61061502,109090,132672,94238,112896
1016453,59822876,105713,133120,93788,112896
1012430,60902124,109382,133248,93804,111384
1017937,60563708,105710,124672,96420,112784
1025115,62039618,109188,135296,97434,112224
1029558,62192806,109993,129344,97063,112616
1033180,61260170,106579,125760,97444,112784
1044712,60728679,105202,125568,97126,113400
1030242,62236953,111080,129536,97163,114912
1044297,60044335,102659,125248,97795,114576
1044784,60737969,106603,124224,96010,113512
1040399,60230587,106140,123008,95057,115752
1047477,62226441,110132,128960,97637,115920
1043453,63113868,111585,131520,99000,114800
1047228,62255541,108811,127616,98773,115192
1051025,63847186,115489,142912,97729,117152
1042960,63473851,112872,132864,98748,115976
1055928,61920168,109249,137984,97117,116648
1066089,63995185,115472,134080,97903,117152
1052780,62083895,109640,134080,97315,117432
1050163,63086478,111757,131776,98628,117488
1054361,62760478,109568,129280,99707,115080
1068090,63094217,111918,129984,98766,118104
1070233,63328221,111371,138816,99522,118384
1068075,62678371,111557,138496,97408,118664
1071964,62897449,110300,129088,99793,117880
1071136,63176174,112106,134400,98387,118608
1068766,63138060,111285,142720,99288,118608
1078520,63494706,108827,132224,102607,118608
1069240,64113021,112600,131136,100837,118272
1079106,64361393,114919,139648,100180,119000
1082452,66503697,119207,141056,102795,119224
1086715,63921064,113794,134464,99559,120736
1074532,65145250,114084,138432,102988,118496
1078032,63914394,110851,131840,102264,118944
1091745,63976131,112857,143488,100637,120680
1083791,65128780,116140,138688,100928,120792
1088259,65107112,113762,132672,103088,120736
1096517,65636262,114485,135360,103691,121352
1098471,65840668,118106,139584,101618,122136
1086087,66632833,117898,142016,103875,120344
1094344,65945031,115507,135168,104327,119672
1107587,65990352,115613,134720,104000,120120
1098618,66175696,117019,136512,103465,123368
1099925,64717301,113671,132032,101986,122640
1098742,65867302,116121,138624,103248,122416
1110375,67120700,121969,153728,101879,122416
1102994,66167673,115106,135168,105436,122080
1112880,67322681,119163,139904,105770,122024
1123036,67284691,119404,138624,104536,124152
1108029,67006652,119914,142656,103101,122976
1113059,65854883,114253,135232,105160,124600
1122068,66166416,115424,139520,105517,124544
1121407,67487758,120660,147264,104439,125944
1114252,68135936,120748,142080,106435,123256
1115104,66551893,115692,137024,106081,124376
1126552,67097677,118980,139968,104429,125104
1129141,67521077,119610,145280,105615,124040
1133241,66941389,116405,136896,106846,125328
1128077,66745097,118600,152256,103733,126168
1132949,67172876,119188,143424,104753,124656
1139408,68673468,119062,143872,109690,128464
1136209,67462093,119662,145728,105385,125720
1140447,67565229,119107,150784,106125,126224
1148079,68294846,119502,147648,108437,124152
1148708,66742238,117626,153344,104614,126784
1140100,69558884,123701,144192,107907,127176
1154213,69495305,125111,144960,106073,127456
1151643,68665816,120984,146816,108249,127624
1152290,68684117,119251,142720,110205,127232
1145844,68887660,121510,144640,108110,128296
1156578,67429220,117457,137664,106916,127400
1151451,69902456,122268,149312,110798,127232
1158472,68264025,118064,139968,109302,127568
1161457,70598994,125897,149056,109409,128240
1157430,69313788,123735,148224,107732,128912
1160914,69896199,122822,147136,109734,128352
1165859,70723506,125527,159488,110233,129304
1168766,70060634,120436,146368,113155,127960
1170464,71217617,125917,148224,110863,129416
1169789,69488681,123058,143744,108836,128856
1168333,69684595,122750,148096,109733,129528
1166951,70217989,122860,147072,111270,130928
1179023,72592313,128145,151872,113725,127848
1184181,71667737,127386,157632,111249,129584
1174099,70299561,124090,146240,110059,131096
1186500,71534690,127444,148480,111030,131992
1184266,71431527,126530,151680,111664,130200
1187371,70579876,124343,146816,111314,131376
1189037,70993714,124963,152704,111489,130704
1181758,72242571,129022,154176,111485,132608
1198027,71958339,126058,148800,113649,131096
1197331,72508185,127996,149632,114275,130648
1199165,71245908,124799,146496,112751,132440
1193787,71869166,126377,149120,112655,131712
1205268,72257020,127208,150784,113480,132608
1206313,72915133,129569,151680,113809,133784
1205847,72689810,126505,151168,115576,132048
1210253,74078001,131714,155968,115058,133728
1206470,72739979,130297,153728,112763,133056
1217253,71917607,125528,150080,114532,133784
1214049,72498244,126766,148608,114987,134120
1221899,75050023,134498,157184,115187,133168
1211612,73348423,133199,164928,110903,135464
1210705,72841107,128104,149824,114896,134736
1228260,71218077,123819,147136,113846,134176
1215886,73702468,130575,151936,115253,134960
1233092,72682494,128360,151040,114140,135520
1225231,73058604,127542,153728,115767,135296
1232850,73843022,129539,154688,116301,135296
1229889,73133716,128280,149568,115658,136136
1235369,73644208,130129,157312,115398,135296
1234854,74533832,133633,157504,114922,136696
1231504,73590919,130354,154688,115071,138096
1231481,74603981,131736,155968,116687,136696
1244908,74121436,131628,153152,115605,137704
1243479,75065194,132654,154752,117717,135856
1243589,73799457,130294,157760,115456,138208
1250403,74147597,130909,153536,116169,138656
1258701,74510017,132327,156928,116280,138264
1258652,74797335,133307,155072,116353,137872
1249372,74901711,133469,155392,116218,138544
1259997,75123420,132002,157056,118411,137816
1263514,75033226,130067,153984,120038,138712
1253332,76195377,135715,164032,118446,139384
1258065,74797435,132608,163968,116892,138656
1265128,76811110,136007,159040,119642,138880
1262305,77514807,138567,166336,120303,139328
1263756,76069902,133724,158784,119590,139048
1276297,76417355,134060,158208,120060,140000
1257585,76413937,135271,160320,119210,138712
1286986,77128260,137919,161664,118865,141232
1272118,76496554,137706,163584,116835,141792
1274207,75517271,133700,161792,118009,140840
1277020,77066041,137166,160832,119867,141120
1282028,77277540,139279,175616,118562,142072
1288055,77482837,138280,163200,120408,140504
1279622,76689665,136215,162432,119500,141400
1290594,77445962,137653,160960,120001,141624
1282116,77773095,138352,166912,120742,141008
1293500,77160203,135650,162112,121195,142632
1289257,76411427,131421,159360,123231,141960
1298339,78238226,140304,172864,120587,143080
1285684,77284421,136093,158976,121599,141960
1306517,78721327,138486,162432,123629,142296
1303391,77241923,138323,162240,118889,142184
1295517,78628202,139607,165824,122104,141512
1308183,78890282,141332,168640,121648,144200
1303624,78661247,141277,166784,121004,142800
1308837,78538955,141473,175296,120135,144984
1302228,77721922,135904,162368,123068,142968
1313285,78057529,137342,174528,122892,143808
1321254,77779241,138280,170368,121440,144200
1316301,78225462,137130,161472,123482,144480
1304580,77751110,138609,165376,120908,145824
1318554,79619945,140014,165504,125132,144480
1316447,79744891,142451,166400,123557,145936
1315233,78290900,136749,159424,123729,145656
1316905,78318303,138697,160704,122258,146104
1332818,78342557,136282,161472,124818,144368
1330752,80054311,142026,171520,124643,146384
1336266,80301586,142066,166208,125737,146552
1328130,81386852,143537,169600,127593,146216
1330420,80393622,140162,168640,128092,146272
1335009,80347272,141995,167104,125687,147392
1330242,80090980,142391,165888,124513,147000
1330650,81019258,144822,175168,125159,147784
1342372,80152537,141513,169856,125712,147280
1344668,79358500,140196,164352,124233,147000
1355996,81092903,143464,167360,126567,148120
1346560,81335077,145318,175936,125187,147560
1348353,82128205,147102,172864,126702,147896
1350791,80307933,141206,169984,126444,148624
1343265,81511510,145689,170048,125613,149856
1354340,81593868,143824,168576,128336,149464
1353957,82133938,148147,175552,125457,150640
1350789,81850173,144421,169472,127915,148848
1368316,82984476,149822,179648,126605,152152
1370538,81920926,144906,168320,127705,150472
1357151,81831005,145289,169088,127395,149688
1365713,81923926,145257,175168,127505,151088
1375091,83238105,150127,173760,126733,150416
1367753,82105144,143923,167872,129609,149576
1365314,83506551,147550,177728,130476,150864
1369388,83807132,151362,182912,127975,152376
1374514,83111147,148742,184448,128245,151704
1374868,83796735,149575,176064,129574,151592
1368765,84528951,149727,176192,131605,150808
1394254,84561624,150853,183872,130769,152600
1377514,83281292,148373,181120,128913,153104
1392165,82437719,146859,171776,127479,152992
1393020,82503874,146172,170944,128420,154056
1395107,83980938,150640,177152,129084,152656
1388615,84278337,148502,177472,132302,152992
1388236,82369585,144885,168064,129936,153440
1398367,84054334,148688,178880,131581,153608
1392666,83391998,146541,176960,131222,152656
1398440,82630746,145954,171456,129510,155008
1403515,84837679,150695,177728,132580,154896
1408982,83805540,148441,173248,130423,154112
1400070,83017957,145497,171968,130755,156520
1415589,82661878,144284,168576,131232,153496
1412037,84286142,150096,175424,130649,154504
1405163,85365870,153161,180864,130984,155120
1417807,84598407,150196,175296,131707,155456
1423784,85086537,151821,176960,131782,156744
1432622,85163224,153379,182656,130494,156184
1413823,85953819,153366,178688,133236,157024
1418009,85874539,153050,182080,133013,157696
1419166,85204973,152057,180032,131841,156800
1424885,85018531,151606,178240,131727,158256
1433767,85563717,149999,176768,135274,156856
1421465,85575827,151589,182848,133532,157080
1433210,86458641,154339,179328,133667,158088
1427476,83602802,147394,183360,131378,157416
1422291,86071117,155772,182016,131319,158144
1425791,85982813,150923,176960,135995,157304
1422658,85567653,149537,175296,134945,159264
1444267,83403666,146414,172032,131640,158704
1441810,86927229,153571,180416,136001,158760
1451521,85959036,150390,177920,136222,158816
1449468,86861988,153053,180032,136371,158480
1454983,87605959,155853,183808,136281,159600
1458373,86371191,153241,177984,134331,160664
1462035,87944379,156275,183680,136865,160160
1455156,87543610,155249,181504,136345,160160
1455665,88233067,154441,186688,139847,159264
1455601,88603077,155039,183040,139729,159992
1472169,87014125,153702,184320,136252,161112
1470047,87515605,156684,192704,134798,161952
1473753,88539382,158327,194368,136837,162288
1468455,88079922,157152,183040,136831,162848
1466004,89018346,158655,185856,138166,160720
1468576,88819272,157772,187840,138144,162344
1468775,87920388,155417,181888,137698,160832
1481784,87872750,155286,181632,137228,164248
1468741,89102338,158811,193728,137429,163072
1490681,88720163,157348,186816,138056,163016
1474705,88293146,157281,185024,136825,163296
1474207,87708736,154777,182016,137365,163632
1480347,88785692,159013,185728,136553,162736
1487073,88339341,154428,182976,139757,163912
1479818,88404225,155661,187648,138692,163688
1491482,89212404,156566,185664,140031,164192
1495852,89056273,156456,184320,140148,163576
1496601,88990946,156393,186240,140576,163016
1495767,89050315,157786,188096,139303,165312
1493383,88715696,157347,184832,138268,165144
1500616,88761483,156785,182400,138869,163744
1511994,90770264,160987,188224,141261,165144
1500069,90300225,158866,190464,141968,164528
1501079,89280917,158563,187392,138721,165704
1507088,91077519,162678,190208,140742,167048
1508946,90654964,158379,190848,143424,167384
1511695,90962710,162395,192256,140372,167160
1505926,90769279,161393,198912,141111,167496
1509744,90679260,160926,188864,141426,166320
1516587,90615499,161686,190720,140539,167328
1513016,90574369,159805,186496,142287,166264
1516108,90610849,158670,188032,142933,167552
1519150,89695812,155694,183744,142983,167720
1519722,90765970,159268,191552,142927,168840
1525259,91031127,160440,191936,142979,167160
1528617,91563574,164210,193856,140785,169232
1525970,91607698,160804,189376,144379,168840
1533039,91698693,161120,193152,144401,168560
1532329,91531042,161313,194560,143623,167888
1519923,91033490,162315,191424,141681,169568
1545942,92476074,163893,191104,144457,170072
1544101,91997433,162681,193536,143670,169568
1542468,91280060,159955,193280,144155,169288
1558206,91966613,165490,204224,140953,171752
1533137,91494865,161556,193792,143102,170464
1548803,91919203,161963,191040,143783,171584
1549519,92533516,163711,193856,144408,170184
1554981,93240544,165688,194048,145117,172200
1554015,92688707,163950,196032,144865,171696
1550418,94146761,167434,198656,145805,171136
1561318,93156438,164595,197824,145938,171472
1565338,93567868,167341,195136,144020,172760
1557203,92898861,162042,190144,147416,172088
1561189,94574578,168212,196480,146546,172592
1579266,93227337,163447,192192,147322,171920
1549916,93630911,166364,195584,145083,172536
1572795,93573317,167142,200832,145010,172760
1573618,94330171,166690,199232,147368,172144
1562813,95139372,168651,198080,148370,172480
1576640,93148569,162285,195072,148069,172424
1569427,93273556,164334,191680,147042,172200
1578067,93441660,163795,193344,147753,173264
1586759,93035325,164565,200320,145238,174944
1582771,94925268,168620,200960,147452,174104
1591732,95286419,169764,203136,147282,175224
1575737,94113989,165523,196672,147775,174552
1587699,93600293,165417,200128,146447,174384
1599758,94936261,166412,198912,150075,176344
1590769,96252791,171369,199936,148928,175728
1592198,95487186,169039,198464,148607,175392
1600206,94670007,168670,196864,147073,176512
1603936,94807962,166856,194816,148341,176624
1599566,95515427,168072,196672,149767,175784
1602022,94844067,166181,199360,150063,175896
1622210,95372474,167336,198400,150349,177128
1604028,95485555,168522,202816,149885,175448
1613765,95445078,169172,201408,148536,176624
1600455,96992091,170929,200448,151995,174888
1612328,97272006,173134,202176,151298,178416
1603879,97485553,172346,203008,152603,177296
1619713,96652778,171626,202240,150439,177520
1612175,96055651,166639,198848,153235,177912
1627147,95272425,168931,208704,148082,178136
1627505,95145767,166736,195584,150386,179032
1620984,97297250,171755,207808,151842,177128
1621521,97230658,173308,205184,150858,178976
1632462,98116605,175917,205056,150954,179928
1631062,97627594,172645,202112,152725,179200
1643822,97001680,169991,200832,152695,180040
1637819,96764713,169865,199232,152336,178808
1645039,97702031,172119,203072,152963,179200
1639198,97601338,171885,201088,153256,178304
1638584,96254697,168921,200576,151817,179704
1645028,96466039,169863,197696,151924,179984
1644947,98878233,175949,204608,153158,181552
1644081,98743584,174100,205248,155272,179648
1641299,98039219,173293,207552,153678,182840
1644328,99277461,177586,215296,153038,180824
1649801,97394400,170828,200512,153575,180824
1651451,98239481,171379,202048,155660,182168
1654996,98177894,171392,204544,155702,181888
1659471,100121996,177932,208320,155488,181440
1666852,97870200,170625,205312,155263,182616
1664018,98614082,173589,204672,155099,183344
1666701,100532525,177352,209216,157129,182784
1668644,99619277,175167,207040,156855,182112
1666608,100679479,179512,216896,155904,183176
1662214,99079289,173562,203520,156674,183008
1671133,100919880,177634,211328,158512,182616
1681680,100820234,177433,208512,158538,185080
1668948,99637793,177191,208192,155115,183680
1673807,100647662,180135,209600,155609,184408
1688855,100915419,181235,222592,155219,185080
1689301,100922172,179584,220160,156393,183568
1686339,102516767,181901,215488,159255,184968
1686198,100632872,176588,209408,158396,184240
1676423,99443992,174811,205056,156900,185752
1681714,101498106,180421,219200,157145,188384
1681203,101028499,177789,209536,158748,186256
1693438,101021336,176046,210496,160281,185024
1691901,101088214,177739,207488,159178,185696
1702825,101100018,178267,210880,158602,185976
1698073,100761135,178164,210880,157848,186480
1702388,100437767,176652,205888,157994,186424
1705635,101911960,180910,213888,159012,185976
1699996,102202354,180267,213248,160319,188608
1716653,101311245,178762,213312,158547,187880
1693712,101847004,181337,211840,157852,187768
1719503,99958048,175791,206080,157247,188160
1701441,104706108,185796,220736,162601,189224
1710691,101987773,181511,211264,158008,187880
1733225,102159851,179997,210368,160246,188104
1724948,101680779,179817,214016,158976,187936
1709769,105183407,188081,221632,161650,188160
1723996,103528919,180910,216896,163446,188440
1713864,102944670,182561,213184,161054,188888
1718848,103294454,184324,216832,159942,189112
1732066,102048873,179599,212032,160032,188440
1716332,103103551,181165,213184,162241,188496
1730520,100934941,174616,207552,161721,190008
1741402,103103968,182218,214016,161394,190400
1732625,103952235,186368,217152,159956,191800
1744887,104740251,185495,224768,162777,191184
1747793,103972032,184782,225216,161298,191520
1725137,102710877,178920,214720,162855,190680
1738734,104479808,186546,226560,161502,191688
1746906,103155309,181916,216704,161706,191016
1748828,102854099,181101,215680,161622,190568
1748420,104552192,187714,222272,160331,192360
1756320,105092222,188398,219136,161898,192360
1755625,105659571,188972,222272,162828,192920
1765435,105730616,188148,220864,164547,191688
1757015,104820673,184909,227264,164041,192192
1767943,104143527,184135,216000,162820,193256
1756799,106825336,190668,224832,165335,193816
1758575,104262827,182954,215488,164313,193144
1768511,104807548,184832,216640,164375,193368
1766685,106511440,189887,224000,165129,193480
1772114,106256929,189896,221760,164167,194544
1785901,106234553,188385,225728,165405,193872
1787708,106528945,189535,222976,165203,194208
1769973,105460471,187693,218880,164478,193816
1781128,106147223,189037,220096,164497,196280
1775663,106899052,189211,222784,167110,194712
1776183,105610658,188139,224640,163656,195720
1779638,104496578,183678,221952,164869,196000
1788418,106621927,189657,227200,165580,197064
1785196,105947345,187305,221376,165920,195440
1786303,106267687,186704,223872,167139,195944
1788565,107262655,191808,226496,165543,197904
1791226,105679459,186056,223680,166083,195776
1800673,106340278,188520,219136,165596,195720
1783366,106720798,188539,221632,166850,197568
1790872,107801138,192142,224128,167171,198016
1795589,106543258,189020,219712,166090,196168
1801400,107481104,191529,228416,166452,198184
1791365,107569768,190153,227456,168382,199024
1813219,109194081,196768,235392,167135,197288
1807193,107420240,191971,227200,166541,199640
1811096,108781066,194278,225920,168348,198184
1809774,108124319,191186,229632,169223,197344
1819972,108915342,194455,228544,168541,199640
1814713,106906071,189015,222208,167343,198576
1838764,106847926,186768,220224,168960,201656
1828273,107696221,190157,223040,168714,199976
1818132,107185539,188394,223552,168616,198856
1825127,106944422,188160,225344,167890,199360
1827785,106982652,188206,220096,167988,200704
1820363,107783012,189926,220992,169208,202328
1838306,109021215,194327,226624,168818,199920
1827957,108743343,194170,229632,168122,199584
1838948,108596959,190597,227840,171409,202048
1840535,110466669,195884,233536,172068,202272
1843832,107748636,188626,220992,170384,201320
1838382,109505568,193963,236288,171139,205184
1834589,110117585,197334,240576,169500,203112
1836502,109031849,192791,234880,170680,201992
1836987,110747080,199235,236544,169592,204512
1859978,109833535,195816,229504,170549,203672
1856058,108892398,191279,229056,171128,202776
1842509,109837273,194648,230080,171249,204008
1838175,111119772,198462,236864,172005,202944
1862559,109705704,194045,234112,171730,204680
1853867,110022359,194431,228032,172352,204400
1846751,109622635,194005,234240,171197,202496
1855259,110179958,194853,228288,172265,202832
1853159,109917254,194204,230336,172020,204568
1860720,109882656,193829,230208,172594,204568
1870459,110415851,195635,231424,172609,203672
1866826,110432505,196496,231488,171487,206808
1875382,109320661,191466,226752,172782,205800
1876338,110598085,195015,232576,173168,206584
1874068,111550668,198907,232320,172671,206304
1865708,111628755,198918,235840,173087,207536
1865904,111515259,198441,232832,172993,207928
1868955,112858750,201409,240960,174382,206024
1889953,110692432,196410,228096,172784,207480
1889030,112108597,198963,231744,174777,206584
1883853,111737357,197562,235648,174171,207200
1875162,111957993,198101,231040,174794,206808
1891869,111208723,195642,229824,174667,206976
1896076,112805684,198835,233280,176646,206248
1896481,113684106,202960,246336,175739,207984
1899943,113425658,201672,236160,175924,207088
1907077,111645721,197048,229568,175048,207312
1903074,111115907,194928,231552,176068,207872
1912983,113404470,201538,249216,176219,209216
1897321,112148353,197984,230080,175765,208264
1909589,112522012,200742,233472,174040,209888
1922206,114326829,203344,240768,177780,209888
1914714,112317964,197146,230080,177139,209888
1907245,112125348,196033,233728,177292,209664
1900542,113573162,200974,245696,177381,210784
1917938,114314314,204221,246016,176655,210392
1914390,113105372,199718,240000,176815,209832
1915513,113819669,202906,238976,176291,209216
1920583,113282894,199558,234688,177857,210392
1925231,114604271,203934,240000,177843,210336
1926599,115252877,205098,239104,178438,210336
1915612,114896580,205163,244480,177824,211568
1938883,112880704,198723,232128,177314,212128
1929161,114354822,203711,236800,177688,210952
1929832,115089186,204538,248448,179001,212016
1926895,115276887,204969,241216,178793,210336
1928772,115219719,205450,240768,178335,210728
1944436,116684673,205976,245824,182619,212912
1949379,113528237,198442,232512,179886,211176
1947333,116274239,204727,244736,182153,211792
1946055,115268811,206136,241024,177610,213808
1948406,116148644,205743,248512,181375,212576
1961130,115500256,203918,240320,180371,213808
1944347,115246643,205268,239232,179273,215208
1953395,117571707,209728,247296,181847,213696
1955304,116405082,207136,242752,180727,212520
1944911,116076547,204739,242944,181749,214256
1956799,117072307,208426,242240,181634,214256
1957920,117733510,208889,247296,183495,215040
1948560,116839079,207797,249472,181482,214088
1962581,114903039,200162,233536,182556,214424
1953222,115454266,204564,239168,180043,216608
1968153,116514426,207478,245056,180862,216160
1969184,118197059,207257,243200,186219,215768
1959831,116873386,206650,247552,182694,216776
1978534,116173392,205109,242048,182360,216776
1973082,117078725,208381,244864,182070,215992
1986760,117317568,208436,245760,182400,219744
1975303,118681887,210654,259392,184853,215600
1978107,116837833,206147,239488,182904,216328
1968466,118145115,209625,245440,184347,217280
1988428,117685038,209982,260672,182482,217112
1975536,116320347,205425,242944,182201,216832
1982385,116612676,205318,241728,183053,217728
1994254,118239046,211787,250944,182442,217784
1995721,117407994,208555,250176,182368,218400
1991134,120488704,216758,253376,184566,219408
1981606,119802259,211965,248128,187172,218288
2004993,119303715,212980,250752,184500,220696
1996746,118771056,209285,244992,185930,218120
1995339,119007714,210930,247488,185246,219184
1997107,120784501,217371,254400,185221,219912
2001737,119818621,211932,248832,187083,218792
2006545,119218545,213290,247680,184007,220080
2004529,119254456,213518,262592,183505,220360
2014288,118849465,208972,244608,186892,220864
2015970,120070845,213602,251968,186185,220416
2005964,118751616,210919,249536,184995,222824
2020004,120047396,211223,248576,188818,220080
1999712,119473218,213025,253376,185099,221256
2022244,120049936,213117,251520,186521,220920
2020534,119145290,209923,244608,186784,221704
2028628,120399677,212916,253952,188554,221984
2012479,122344836,220691,260992,187296,223440
2014376,119600648,212871,250176,185855,221480
2025380,120350217,212665,250304,188358,223720
2030189,121114671,217084,252480,186897,223272
2025011,119662119,211602,250112,187016,224000
2039276,121055560,215255,259392,187709,223720
2022157,121940509,215776,253056,190727,223160
2050521,121645952,217117,253312,188072,225456
2039381,120066778,211209,248128,189261,225176
2035144,120673692,215773,255552,186494,224840
2041883,120989770,215722,256768,187302,224952
2053361,119917026,212473,248000,187114,225344
2058861,121171133,216563,260096,187562,224336
2041789,121716500,215790,256384,189577,224952
2058260,122243679,217456,254528,189816,224448
2062109,122372779,216979,260544,191057,226464
2058342,122561261,217286,259520,191060,226240
2064539,121914975,216346,254208,189844,225232
2053391,123511696,220443,264384,191202,226296
2039660,122037625,217617,268224,188919,225456
2055148,122790336,218998,254528,189847,225624
2058745,122609543,216637,253888,191792,225792
2056095,123064935,217733,254784,192485,228032
2074292,124029543,222586,271360,190969,226632
2076498,123051130,218799,263232,191220,226520
2067467,123994874,220422,257664,192832,227976
2065292,123276689,217774,255232,192277,228256
2084913,124914031,223071,259072,193045,228424
2076417,122386474,217778,259328,189822,227976
2091364,124658089,223355,270720,192109,229096
2076600,124757780,224856,271104,190955,229432
2090289,123469482,218407,256704,193135,228424
2092215,123712303,219029,255232,193217,228928
2099362,123536943,218798,255680,193192,229432
2087832,125144554,223979,277120,192977,229992
2083043,125090055,221555,261504,194933,229992
2105627,124581140,222588,259776,192377,230104
2091833,124854186,222491,259456,193546,230832
2081814,125874405,223619,261760,195833,228760
2096787,125113928,223272,262848,193536,230104
2107693,124388792,219836,261184,194397,231448
2105545,123521961,219703,257728,191994,232176
2098874,125678058,224628,271744,194355,232456
2110975,126295432,224744,263360,196194,231840
2109169,124686757,222964,278400,192811,232344
2098600,124763999,218964,256192,196275,231336
2109964,125494848,223748,265728,194519,233520
2113930,125253230,221611,259392,195341,232568
2120423,127628893,228201,265280,197031,232904
2126821,126541094,225163,262784,197137,234640
2116661,126193152,224991,270080,195799,234528
2131696,127422931,227278,266560,196718,235200
2128586,126240795,224066,265664,196366,234584
2115710,126328798,224565,261056,196209,234920
2128728,127229003,225854,268096,198218,233128
2139462,126957687,226413,274240,196384,235032
2148057,125577222,221599,259520,196155,234360
2139379,124728556,219443,256704,196281,234248
2135597,126848783,226597,279104,196142,236432
2146448,127319054,227171,272064,197000,235984
2155010,128640497,229777,268160,198788,234808
2132535,127053052,226111,263616,197070,235200
2130546,126658804,224331,265792,197332,235480
2143363,126822060,225450,268928,196486,237160
2161318,128126527,225900,265472,200556,235816
2157274,128674348,230256,270656,198328,237440
2164615,128074847,230190,278208,197071,236936
2157477,128213329,226269,267008,200209,236152
2153229,128486579,229480,270848,197890,238224
2155769,128066896,226990,267072,199781,237104
2165025,127801606,225235,263168,200223,238392
2163666,129367624,231684,273664,199455,237608
2156735,128740827,229322,266560,199606,237888
2160060,128298717,230309,268608,197324,239456
2178420,128945140,230704,284352,198979,237720
2162115,129245565,230355,270272,200545,237944
2166286,129319230,232023,272768,198777,240352
2174264,130032266,232431,276544,200424,239288
2184238,128939278,229061,266432,200330,239456
2182303,129751846,232889,283392,199356,239456
2189922,130515788,233740,279232,201636,242648
2180925,129439392,231391,275008,200090,239736
2183539,130320895,232262,275392,201681,238952
2180783,128764205,228346,267072,200319,239904
2188265,128715484,227359,265664,201136,241024
2187365,128689639,225305,265088,203164,238896
2187952,130685066,234108,275328,201098,240912
2194899,128859301,227845,270208,201120,240744
2213193,130122178,233456,277248,199939,242312
2192273,130525665,231363,269120,203196,242088
2194337,131270861,234993,284288,202467,242872
2217821,131112350,234209,274048,202380,243208
2208389,131754673,233610,272192,205120,241528
2204146,131909248,236371,277952,202750,241752
2190813,130578705,229175,270592,205921,241416
2208608,130701740,233574,281600,201739,242872
2217843,131181145,231131,270976,206017,241696
2217693,132531421,238116,287552,203344,243432
2218322,130819776,234317,274752,201316,245112
2224985,134256099,242081,281792,204976,243936
2226074,132451783,235613,281088,205323,244272
2230058,132671535,238823,293632,203678,243712
2237981,132434252,237226,287104,204099,246288
2221965,132509503,234905,286976,206339,243880
2235188,132970410,237517,288256,205273,244608
2237645,133610266,237818,290688,206949,243544
2233492,131604152,235440,282880,203148,245224
2260916,131719713,235045,288576,203717,247688
2234792,133404386,239410,281792,204595,246960
2248036,132300499,236667,283200,204063,245224
2252472,133987087,240103,283200,206644,245560
2236874,132899256,237754,276544,204908,245840
2245435,134303581,239306,279808,207815,245840
2265752,132647907,236826,280512,205237,246736
2257043,134551738,241107,287232,207195,247688
2253073,133645763,240513,281728,204791,246792
2247032,133636202,237311,284864,208045,246848
2255626,135012738,241594,281408,207942,247632
2261415,134316269,239571,277952,207535,247688
2266879,133849620,239894,286464,206160,247912
2260846,135293213,242258,288384,208126,247520
2269777,132219687,234282,274176,206552,250208
2252213,134531764,240578,287104,207865,248976
2276191,135701240,241943,288064,210171,248696
2284498,134807365,240587,283904,207948,249760
2254315,134489544,240377,296064,207532,251216
2269297,135279582,241627,287680,209055,248976
2257402,134839175,240314,290944,208505,249592
2278352,135209023,241788,293696,208640,249592
2276672,135573894,241675,281920,210177,249480
2280044,136195548,242103,284736,210992,249704
2269389,135002780,239959,281408,209494,250768
2278907,135564902,243931,294912,207543,250600
2287128,135328182,242181,287360,208337,250488
2287984,136007484,243063,293824,209914,250712
2277574,135185248,240283,280320,209922,251608
2284605,134698129,237482,281472,211287,250544
2287898,136671535,242652,283968,212526,251888
2295564,136153298,243269,283072,209984,250936
2288155,136561938,243725,298240,210963,252784
2288969,136443799,243042,290048,211243,252336
2296930,135284610,239601,281408,210614,253008
2308767,136254970,242058,288960,211544,253120
2309124,136481826,242551,292608,211829,252952
2307568,135248211,239008,282752,211317,253288
2316520,137123329,242709,291456,213807,252672
2290018,136444323,242618,282368,211704,253736
2288092,135492836,238646,277504,212554,253568
2314995,136798638,243806,284608,211799,253232
2320444,137956512,245921,286080,213278,253568
2315706,136945899,243852,294848,212024,254240
2317034,137591718,244660,283904,213589,253848
2342149,136385218,241849,281280,212407,254296
2326310,138630369,247992,302528,213205,255472
2331752,139029197,248903,294016,213873,253680
2324475,136941737,243788,285760,212371,255304
2332383,137938159,246235,292736,212980,255696
2318329,138624626,246664,287488,215267,255528
2336783,138582685,248311,290624,213655,257040
2350938,137056844,244244,283840,211956,256088
2331665,138895866,248021,295872,214533,256816
2348377,140496990,252977,302656,214836,255472
2346287,140574109,250169,304512,217847,255920
2351715,138531793,246861,289856,214645,256648
2335859,138517435,247488,295232,213811,257824
2339133,138399474,246002,290944,214813,256088
2340668,140743617,250917,295168,217818,256984
2359729,138903818,246171,285824,216287,257600
2363424,137543397,243732,296448,214140,257768
2351490,139697038,250754,298816,214474,257936
2365219,139097217,247509,290560,215967,257096
2362539,140648649,250960,304768,217651,257376
2365053,139843846,248073,290112,217098,257768
2357821,139898394,248413,301312,217397,258440
2361932,139177487,245645,286016,217683,257152
2373148,140664768,250496,301504,217780,259672
2358384,140158401,248964,293120,218161,258272
2349990,140988351,251382,299712,218047,260848
2374193,140615206,252101,297664,216563,259224
2361851,139545311,248305,290624,216843,261408
2399030,140116860,245293,290752,221514,261072
2381054,141368851,252745,303744,218083,260904
2380845,139929604,249045,291136,217079,260792
2372791,141766244,252325,295744,219834,261856
2390220,141074918,249087,292864,220621,261800
2381901,141096544,250339,297984,220178,261016
2394131,142135565,255121,326720,218315,262248
2401232,141008804,250615,295808,219071,261632
2385817,140989929,250775,294144,218720,261744
2408903,141820576,250716,293184,221599,262416
2393532,141867980,253052,303744,219618,261912
2406159,142166388,253213,307392,220686,262640
2395353,141589182,251121,292288,220820,261856
2408210,142431085,252964,295808,221432,262472
2417712,143005236,252330,296448,223683,263032
2414740,142535498,254910,297664,219841,263872
2410729,143723632,255577,299648,223171,263928
2408106,143940239,258179,303616,221190,263816
2423436,142820051,254080,297728,222163,264880
2412788,143444647,254716,301312,223105,265160
2411117,144434520,258087,306560,222909,264040
2420494,143702772,255439,297216,223158,264040
2434346,143733918,253760,297728,224608,264992
2405107,142390743,252024,297344,222530,264992
2430369,142722899,251641,304960,223318,264656
2425632,143515530,254269,307008,223478,265888
2430169,145018091,258080,311616,224238,266560
2436088,144663443,258623,305088,223084,267120
2433995,144727184,258216,302144,223792,266112
2449039,143040703,251583,297536,224516,266504
2461314,144197771,253856,300160,226276,265160
2433715,145078131,257845,310144,225354,268072
2450086,145876402,258820,301632,226781,266896
2424940,143695608,254880,298176,223492,268464
2458311,146309070,261071,319296,226431,268744
2436414,144944431,257658,302592,224726,267568
2443197,144319062,256494,302528,223515,267680
2450175,143805029,253677,300352,225276,266168
2457202,144966257,257520,309888,225180,268184
2445104,145561921,257796,310144,227030,267176
2462654,146676439,259846,302976,228497,265944
2456578,144735838,254508,301248,227432,267624
2456530,147231176,264312,317120,225800,271152
2461438,146987904,264119,315904,225316,271320
2465140,147750235,266764,323008,225328,269696
2466904,144733636,255112,297984,226652,268016
2489497,146511416,258352,306880,229441,269360
2473615,146368808,259134,301952,228317,270480
2474199,147177968,259510,306176,230234,269528
2469102,147881658,264436,316032,227565,270648
2481767,146601024,259206,301952,228610,268688
2479339,145848188,257120,301760,228674,269584
2484936,147430282,261037,304512,230057,269696
2493671,146734061,259889,305984,228555,271712
2488312,147453738,260344,308224,230614,270312
2489753,148268452,263663,307328,230080,270648
2493863,147063032,260891,305280,228674,272104
2489277,146793771,260840,307776,227831,271152
2487788,146922759,261444,304576,227946,271656
2510487,147894564,262215,304768,229746,271936
2499490,147707049,263362,317056,228536,272552
2485835,148044890,262170,308288,230942,271880
2513024,148508184,263637,316288,230938,273952
2518815,147904365,262102,305344,230440,272048
2505453,148728230,262326,307520,232787,272552
2513613,148048317,262233,305536,231237,273952
2512604,149195467,263716,320128,232386,273224
2493714,148176311,262427,307456,230632,272552
2518823,146680698,261057,310528,227557,274680
2513146,148331929,264067,306816,230046,274904
2506624,147525389,261672,308480,229430,275016
2503660,149889420,267255,313664,231956,274680
2508790,149373510,264373,310144,233027,274792
2535827,149436810,265509,309824,231803,276080
2514788,148460216,260903,304256,233231,275520
2531454,148647496,263608,311232,231178,276528
2527088,151002853,264817,315072,237165,275016
2534674,151451202,269388,314112,235103,275408
2535972,149614727,265181,318400,232740,275688
2542786,149958153,266620,314688,233015,276024
2525650,148856317,265603,310272,230017,277872
2524338,150629581,267016,315840,234500,275296
2520496,149889417,265396,309184,233687,276528
2531538,151913320,271177,321280,234710,277928
2544405,151076127,267770,314368,234766,276248
2548739,149721801,265564,319488,233062,280000
2561607,149906499,264226,313152,235132,276472
2543284,150272907,265441,317696,235136,275632
2557737,150512887,265434,310272,235542,279160
2569796,150146088,266534,312384,233284,280952
2559981,152264743,272687,321536,234698,277200
2563728,151154659,265899,313472,236799,277424
2560932,151113927,267764,316416,235375,279272
2570655,151190699,268086,328640,235251,277872
2564609,151992584,269970,314880,236021,279832
2563613,150757490,266432,313664,235889,277704
2578343,151478943,267403,311424,236510,280056
2545436,152692633,271208,331200,236887,279328
2550392,155011693,278868,327424,237357,282800
2604747,152553754,271082,324736,236865,280616
2578783,151786490,267011,313856,238314,281232
2585706,152138097,268605,318144,237832,281008
2585185,153348838,272393,330432,238493,281400
2578885,152981928,271026,318208,238391,281680
2588508,153204102,271585,315904,238380,283304
2577366,153892034,274526,326464,237824,281344
2565912,152530274,269514,325504,238213,282296
2576641,152239804,269785,321408,237093,282688
2600397,151721061,269452,315008,235381,284760
2587529,153637753,273181,319040,238265,283976
2596281,152282916,270609,317248,236847,283528
2601380,153326868,271084,315264,239094,284256
2603819,152752054,270315,314688,238209,284760
2619965,153643463,271769,318208,239620,284928
2610055,153941027,273738,318912,239181,284032
2609281,155157050,274765,321856,242164,285936
2606429,153121259,270089,317824,239896,283360
2620769,154869850,274770,335296,240584,285768
2601845,153265058,271027,321216,239443,284592
2630034,153243908,272244,316608,237817,286048
2609138,155403150,276284,323136,241048,284648
2620655,155902843,278346,338880,240831,286552
2609268,154174577,272703,320768,240976,285544
2625212,154729088,273430,323840,241380,285432
2628035,155951427,279302,339008,240384,286272
2631770,156748729,276950,323840,244862,286384
2623613,155363579,274767,321984,242701,286328
2616828,155556052,276105,325504,241302,287336
2624876,154653015,274647,320384,240217,288568
2631798,154476843,273242,319808,240862,287896
2621299,154683094,271946,316544,242938,286496
2641760,155744057,276482,322176,242423,288288
2611841,156219970,277624,325248,242290,286944
2638793,155412962,275127,330944,242416,287112
2643029,155971974,275769,335616,242904,287560
2649646,155998486,274496,332352,245035,288848
2639017,154906659,273152,323456,242784,288960
2632953,156704766,277187,323904,244660,287392
2645469,156559206,277494,328960,243686,289800
2641396,157192948,277271,333056,246129,287224
2625066,156738251,276939,323584,245010,290752
2647118,157904192,282385,333248,243410,290360
2657823,155864546,274753,319552,244589,289520
2665127,156436521,277891,328064,242980,290696
2652660,156497921,277998,326272,242820,290192
2662115,155427384,275118,320384,242422,291424
2663637,157871240,280843,329600,245059,291144
2658382,156775132,276441,324096,245851,291032
2668945,159643677,284163,339392,247077,290416
2668429,157816284,280105,325760,244958,292936
2682761,158895076,284340,338944,244892,292488
2690360,158339881,281429,330112,245456,292320
2673976,158611726,280917,331008,246994,292432
2660858,159696755,283583,342848,247919,291424
2701756,157146229,275055,323328,248147,292768
2693994,157781727,278794,333120,246784,292712
2660520,159378327,281642,332288,248588,292152
2684636,158188530,279079,330752,247837,293776
2686606,159564950,282823,329408,248726,294392
2706714,159232685,282693,334976,247600,295176
2690195,159607310,282822,330304,248277,293608
2678918,159339180,284204,330880,246337,293664
2690529,160922580,288409,341632,247243,295736
2690652,159675715,282415,336832,249520,295176
2709359,158423818,277290,327680,250056,291928
2711856,160701175,286669,341504,248558,294168
2705813,160930057,283981,334144,251445,294728
2705999,160362748,286681,338304,247823,296072
2687888,160298296,285928,337600,247807,295232
2691143,160359848,283615,331712,250250,296688
2715277,159979286,283934,339840,248622,294840
2710895,160212400,283708,333824,249865,297080
2729175,162328226,290595,341696,250136,295848
2722940,162572986,289502,336832,252062,297416
2727194,159713064,281957,337664,249290,296240
2694525,160415327,283849,341760,250334,295680
2715650,160802021,285828,336064,249623,297696
2721926,160575942,284918,332224,249779,296968
2721676,161492773,287482,342272,249797,297584
2739153,160723117,284898,332928,250584,297304
2740612,159511979,280942,330560,250248,297080
2737822,162056951,287192,336000,252228,297192
2727761,161580021,285205,333888,253021,297640
2739029,159946044,284901,333888,247726,298200
2752053,161184009,285491,337856,251004,297192
2742950,161014840,284678,332096,251277,299768
2745910,162155071,286417,337536,253650,299320
2744432,162548534,288889,337024,252046,300608
2753720,161047376,284250,330432,252242,298256
2756602,164261247,293432,347840,254160,299264
2780594,163144315,288778,340480,254395,297920
2749183,162303769,288402,354112,252419,298816
2750427,162317340,287778,336000,252382,299936
2739923,162072779,284987,335680,254780,298928
2766504,162017729,286879,334272,252624,301616
2764577,161975038,285139,333952,254094,301560
2763831,164253122,291925,344128,254883,300944
2763015,163326697,288118,339136,255926,300048
2757262,165044001,290579,343360,258368,300888
2781609,164065147,290098,340672,256110,302680
2774133,164083784,289301,344128,256829,300272
2782676,163799167,289589,338944,255870,301392
2775262,163635500,290209,339200,254909,303520
2776356,163775301,289779,340672,255720,303016
2773695,166406181,296093,346944,257604,302232
2781703,165373328,292574,342272,257612,302344
2777211,165320356,292690,345984,257657,301896
2788532,165079477,294424,342336,255585,304360
2784634,166148979,292595,343744,260980,302624
2786744,163874895,291039,342720,254611,303240
2791131,164105637,289958,339584,256354,304584
2798204,165092595,290538,341120,258615,303128
2777783,165367741,293245,341504,257352,304920
2797752,166173804,296745,348672,256431,305424
2806680,165329629,291286,341632,259023,303632
2817666,165180028,291680,348608,258267,303464
2817083,165061610,291423,339712,257939,303800
2805412,164172332,287488,337152,259038,305480
2812835,164393307,290737,342336,256649,304976
2801343,165570138,292324,347520,258950,306488
2817462,165635285,295269,359552,256144,308168
2802728,166290823,293887,350976,259667,307608
2821639,165619572,291715,341760,259771,305536
2820318,166560099,295024,344064,259491,305200
2811176,167740431,298176,346944,259840,308616
2824430,166828890,296395,351488,258873,308000
2821044,164790140,287240,343680,261482,305144
2825149,166318019,294566,354048,259618,307664
2819491,166535036,294426,343168,260362,308336
2836022,167695923,293793,356608,264513,307104
2819287,166561591,294450,342848,260196,309008
2827617,166617573,294812,345280,259919,309624
2826578,167523217,298925,347456,258949,309792
2848856,166490072,292970,342528,261313,309344
2835592,167309392,296020,350336,260922,310352
2859409,168766264,298225,348224,263610,307608
2844409,167844514,297338,347136,261647,309736
2861725,167068583,292612,342464,263301,309960
2841583,167531138,296105,346752,261290,311640
2855416,168787477,297790,349376,263838,309624
2852605,168895512,300239,352384,262276,311752
2846885,166272981,291780,340288,261966,310520
2868562,167363761,294678,347840,262072,311304
2869105,169366122,299851,352832,263631,311920
2848701,168933384,299872,349120,262523,311920
2840227,169902830,303003,360256,262244,310856
2863787,169424179,299209,350272,264752,312648
2862512,169070814,300057,355712,262521,311080
2870717,169301133,299572,351104,264616,310912
2880805,169877577,300773,354368,264569,313712
2860325,171373284,303534,362112,267080,311584
2874515,168670983,296566,349184,265040,312984
2872400,170430720,301550,350912,265575,313488
2866388,169645085,298250,351040,266556,312760
2884139,168583191,297305,354240,263832,313152
2874884,168990133,299174,354240,263135,314384
2875490,169500249,298639,354432,265256,314160
2887708,171664209,304599,356160,266768,314272
2879003,170840020,302201,366848,266891,313936
2908589,169540240,299071,351552,264992,313096
2896921,170689474,302729,358976,265500,315560
2879806,170392522,303051,353792,264311,316176
2900359,170543596,301084,353792,266466,313544
2893939,171808714,306636,368576,265724,314384
2885569,172124586,306859,366144,266323,315560
2893333,171906177,305141,358208,266799,315560
2908009,170333370,300121,350720,267109,315728
2895571,170196087,299862,350400,266590,316960
2896818,170116628,300456,360448,265719,317296
2907659,171209993,303519,355648,266547,317408
2914269,171653382,304221,353792,267445,315504
2904986,171921451,303869,361536,268732,314328
2930788,170611645,301132,352384,267259,318024
2910595,171663838,301329,355008,270239,315672
2925745,171702904,302665,357376,269168,316792
2912049,172246997,305640,357504,267752,319144
2924707,172310266,303671,355776,269956,317632
2922702,171759435,303134,357824,268877,318976
2930176,172315546,306336,357184,267346,318472
2918428,170876059,301101,352320,267770,317632
2919612,172395839,305464,355264,268627,318192
2924193,173313514,305531,363456,271625,318024
2924392,172057673,302839,356672,270250,317408
2922657,173285982,307362,358400,269768,320096
2939862,172692783,304393,366144,270735,320376
2939073,172600417,304178,358400,270759,320040
2933809,174407756,309296,364480,271471,320824
2923906,171935278,302638,354496,269648,321832
2939644,174226386,309021,365312,271280,320096
2955421,174220654,309140,366784,271326,320096
2958759,172970580,304795,357056,271130,322616
2967539,173225299,307971,358656,268928,321832
2958285,174410737,309582,360832,271147,322504
2948298,170965382,300155,357696,269305,320600
2950227,172973400,305284,364672,271068,321272
2969606,174819379,310763,369088,270937,321720
2948126,174103723,306929,362816,273237,321048
2947387,175899109,310774,369408,275220,323120
2960255,175073921,311205,363328,272079,322056
2954425,174514868,307917,359872,272810,322840
2976120,174183836,307295,362880,272574,322616
2960680,174304428,308823,365824,272010,324296
2978458,175949251,309679,365056,275517,323960
2977110,174559487,309278,363200,271795,323792
2970018,174689589,308986,369408,272677,324464
2971215,175539717,310018,362816,274961,323904
2976615,176508388,313692,367552,274244,325752
2970174,175572120,309156,370432,275172,322840
2979237,174096048,304212,368960,274954,325640
2986556,175959736,310347,373568,275257,324744
2995310,176389795,314903,366144,272476,325304
2968962,175373335,309664,377600,274063,326536
2976438,177270656,315264,374912,274868,325640
2986768,176089598,312443,369408,273987,325864
2994652,176705305,313350,373504,275021,326872
2998723,176549757,311027,366976,277285,326984
3000658,176837322,312275,369600,276141,326424
2978146,177382263,315308,371904,275305,327096
3016905,176088701,310494,366464,275561,325976
2988885,176819650,312824,368192,276169,327712
2999692,175987566,311797,373824,274740,330120
2990333,177676121,314049,367808,278323,328664
3005211,177476387,312176,371008,279178,327880
3018113,176102333,307670,361408,278732,326312
3011405,178397256,316377,382528,277314,328944
3018705,178129774,314826,377024,278518,327600
3025869,179368559,316584,373184,280635,329000
3002852,177971652,314543,367360,278114,328608
3023279,178139404,314392,379008,278346,329000
3030126,176832985,309464,366656,279404,327432
3025867,178713748,315641,369536,279098,329504
3021269,178680213,315286,384896,279591,331184
3022102,176634033,309421,363584,278655,331240
3042483,177529022,313125,370496,277989,330624
3045965,177858117,313479,366720,278786,328664
3036694,179526446,318452,371136,279210,330512
3031584,178901318,316156,370944,279876,331688
3038773,178607946,314633,369920,280306,331856
3034425,180067149,319325,373440,280748,331520
3047260,178177821,312754,371840,280518,331408
3042645,180306362,319513,384320,280769,331576
3043993,179974890,319910,379136,279556,332304
3047094,179498209,317508,373056,280570,331184
3068241,178614599,313791,372800,281264,332248
3038700,179121571,314966,371328,281200,332920
3046105,179357024,315918,372480,281188,331016
3055763,178594713,312943,366016,281381,333480
3051128,179893389,318194,376128,280742,332696
3055192,179992207,317082,371328,282303,332920
3054066,180054014,317891,370112,281430,335104
3067286,181013541,320953,376768,281627,332808
3073058,178912185,316652,368896,279288,335664
3069618,178809203,314951,376128,280416,335720
3066808,178885275,313459,366528,282697,334824
3066024,180710276,317781,372672,284038,334656
3058503,180458288,319994,372096,281077,333928
3058614,180538835,318302,382336,282677,334488
3069238,181057457,318158,376192,284625,334320
3071788,179867311,317676,373056,281472,334264
3077438,181012143,319960,373632,282839,333480
3084163,181261990,320766,379264,282592,335496
3083573,180293631,316963,375616,283145,336952
3089699,180337776,319141,373760,281534,335664
3076622,182592100,324792,382592,283322,337120
3090202,181466707,318189,375104,285734,334768
3100165,179910247,316261,370688,283056,335720
3098884,181493440,319916,375616,284270,338072
3106125,181438792,319514,377600,284726,337400
3097417,182444260,321487,377536,286171,337624
3080124,182271853,323400,384128,283701,338632
3089594,181386590,319641,379136,284221,338016
3111716,181393576,319461,371840,284038,338184
3108327,182037598,321563,388352,284726,338128
3108656,182750694,323816,377280,284830,339752
3130261,182846110,322970,378176,285509,338464
3126636,183253690,323862,377344,286232,339080
3125609,183559157,323905,382848,287474,340032
3125318,183519170,327230,401088,284068,339640
3116646,183113237,322100,379136,287658,338744
3112087,182810891,322331,380096,286182,339696
3128987,182871150,323502,387968,285368,338968
3114067,183743159,323944,384512,287861,338912
3125995,182702383,320628,377152,287588,340592
3124677,183666071,322674,380160,288976,340928
3112886,184542104,324025,380480,290505,341096
3137202,183720784,322483,382336,289445,339472
3112972,183585426,322428,391424,288761,340816
3139552,182354121,319868,375424,287941,341544
3151585,182502024,322421,374848,285420,342272
3143951,182629939,320847,381056,287786,341880
3132255,185085518,327306,385600,289250,342944
3142376,184192388,323977,379136,289605,340816
3159969,184218553,324644,380800,288803,341488
3159741,185023413,326996,381248,289620,342272
3146986,184898279,326698,382848,289660,343672
3151875,184577699,325060,393856,290145,342160
3173783,183984353,323663,381184,289064,341936
3147138,184431531,324622,384576,289352,343056
3157299,185785523,329533,389184,289260,345912
3161440,185961965,328899,386496,290636,342496
3141594,186138327,329425,384512,290847,344120
3164265,185673338,329987,392064,288899,342440
3178828,183620414,322712,381888,288974,342944
3171518,184617279,323309,381056,291366,344624
3181458,185951243,329591,384384,289912,343336
3163128,186192947,330604,399808,289276,345072
3166320,186128411,327096,383552,292826,345576
3175270,185358387,326392,391424,291117,344512
3180870,184968533,324342,383552,291819,344568
3166686,185570806,327938,387584,290449,347592
3176078,186391636,327336,382144,293258,346920
3190395,185696353,327785,386304,290508,345352
3178503,187204856,331032,396160,292467,347144
3180152,187105691,330003,391168,293143,346248
3203529,186049640,327238,388352,292788,346864
3193345,187665115,328390,389824,296896,347088
3204528,186129273,327932,383296,291670,347592
3219599,188873722,333953,389824,294743,346472
3207530,186876408,330397,384640,292344,347200
3212914,187383941,330418,384832,293361,347536
3223828,185908681,328660,385856,290711,347256
3200255,188484365,332278,389568,295241,349776
3216113,188444739,332168,388096,295384,347928
3209125,187389903,330020,387520,294101,347144
3219216,187854541,329963,395328,295323,347872
3208457,188082048,331029,387200,295000,349328
3216433,188025829,329841,387328,296107,348264
3210933,186511997,326737,385728,294290,348656
3212956,188551560,331427,388544,296294,348488
3217875,186997303,327531,387904,295119,349328
3223047,188417910,331701,391936,296031,348600
3224960,188407922,331894,386688,295442,350504
3237329,188526237,332758,388288,294681,349664
3220013,190348302,336965,402944,297058,350000
3229453,189587736,334008,390592,297482,351176
3237277,190019980,336566,397440,297156,352576
3213631,189679801,333251,394176,298298,350616
3242624,190104054,335410,399680,298055,352520
3245389,189801051,337063,395008,295002,351008
3243466,189576612,336218,390912,295333,350784
3240528,190157938,335530,390912,297684,350560
3245484,189498686,334776,396736,296119,353808
3248923,190346201,336092,402240,297681,353360
3250021,190418233,336906,392000,297329,351680
3253255,191118663,338797,397312,297794,352128
3249870,190708459,335919,402432,299776,351736
3273192,191039330,337652,399872,298254,353640
3235624,190256720,336029,392768,297463,353696
3255778,190693856,336251,395136,298785,352912
3261468,191424691,338663,396800,298959,352632
3239557,190319300,335512,400704,298434,355488
3252665,190908348,336796,397888,298852,353640
3276793,190458822,334976,395904,299162,352912
3271373,193243381,342890,405696,300802,354872
3271351,190747660,336436,392704,299083,353696
3266371,192639174,339586,398528,301610,355488
3279386,192309205,339564,399296,301066,357448
3285476,191257096,337926,396608,298941,355096
3267675,190192877,334813,393152,298961,356720
3274435,191427460,337951,396736,299529,356552
3257554,192124872,337213,403200,302504,356944
3271825,190962484,334124,397184,301944,356888
3297844,191372806,338409,396672,299276,358232
3287815,192250149,338181,396928,301954,355096
3267621,192497565,339451,402752,301823,355992
3300507,192933661,340430,399680,301961,356888
3296385,192649780,338811,408576,302702,356888
3286471,191958909,339231,396544,300190,357672
3299067,192210875,339273,400960,301247,358064
3309600,190997405,336763,395200,299531,358680
3305585,192668442,339224,396032,302351,358008
3312148,192920082,340926,399424,301806,359744
3295214,192635656,339326,400640,302683,359240
3298076,192627542,338457,401088,303557,359688
3312054,193988451,342212,403392,303926,357336
3315772,194034727,344086,401600,302285,358904
3297664,193097717,341327,411328,302064,359688
3317307,193829483,341132,398208,304501,359688
3313770,193072274,339687,404096,303672,358960
3292982,194022286,343036,410880,302887,360360
3321006,195409704,347540,408448,303367,360024
3311003,194784184,343083,401408,305501,360248
3326395,196421868,349891,409408,304724,361088
3329947,194629091,342164,399872,306026,360192
3327239,193517212,342677,400704,302214,363160
3323783,195177529,342962,409984,307596,362096
3332863,194263353,342928,414080,304806,364056
3330835,195590700,345348,403136,306259,361704
3347929,194724137,341938,406656,306576,362992
3337734,195326913,344864,401536,305594,364616
3329100,194646170,344551,402240,303398,363104
3329191,194700419,342505,408128,306092,363496
3349740,195388968,342243,400512,308748,362824
3350384,194287639,341245,402496,306550,363888
3344351,196740601,346816,415808,308393,363048
3344172,197072985,349003,408832,307517,361704
3331787,195772578,344254,406144,308107,362880
3359505,197034668,347906,409728,308682,364504
3356913,196316341,346536,407872,306943,364336
3343457,196103529,346159,406080,307196,364560
3351191,196304642,346742,408128,306656,365736
3351925,198039402,350281,422208,309320,362040
3362873,196459957,346814,406144,307698,365512
3344905,198152032,352701,419072,307302,366072
3381303,197742437,347848,414272,311123,365792
3354829,196271677,346632,413824,306704,364840
3362824,196809583,345817,410304,309531,364560
3376194,197350966,349293,412544,307428,365904
